[baseline: train] {'FaceShifter': {'real': 0, 'fake': 750}, 'NeuralTextures': {'real': 0, 'fake': 750}, 'Original': {'real': 3000, 'fake': 0}, 'Face2Face': {'real': 0, 'fake': 750}, 'FaceSwap': {'real': 0, 'fake': 750}}
[baseline: val] {'Original': {'real': 500, 'fake': 0}, 'Face2Face': {'real': 0, 'fake': 125}, 'NeuralTextures': {'real': 0, 'fake': 125}, 'FaceSwap': {'real': 0, 'fake': 125}, 'FaceShifter': {'real': 0, 'fake': 125}}
[baseline: test] {'Original': {'real': 750, 'fake': 0}, 'Deepfakes': {'real': 0, 'fake': 750}}
train (Epoch 1) -- average_loss: 0.5924 -- label_loss: 0.5924 -- accuracy: 0.6790 -- balanced_accuracy: 0.6790 -- auc: 0.7460 -- auc_roc: 0.7460 -- f1_score: 0.6826 -- precision: 0.6750 -- recall: 0.6903 -- time: 58.4991 
validation (Epoch 1) -- average_loss: 0.6111 -- label_loss: 0.6111 -- accuracy: 0.7010 -- balanced_accuracy: 0.7010 -- auc: 0.7964 -- auc_roc: 0.7964 -- f1_score: 0.7481 -- precision: 0.6463 -- recall: 0.8880 -- time: 7.3535 
train (Epoch 2) -- average_loss: 0.4336 -- label_loss: 0.4336 -- accuracy: 0.7983 -- balanced_accuracy: 0.7983 -- auc: 0.8807 -- auc_roc: 0.8807 -- f1_score: 0.7978 -- precision: 0.7999 -- recall: 0.7957 -- time: 43.1401 
validation (Epoch 2) -- average_loss: 0.6316 -- label_loss: 0.6316 -- accuracy: 0.7390 -- balanced_accuracy: 0.7390 -- auc: 0.8757 -- auc_roc: 0.8757 -- f1_score: 0.7812 -- precision: 0.6724 -- recall: 0.9320 -- time: 2.0493 
train (Epoch 3) -- average_loss: 0.3560 -- label_loss: 0.3560 -- accuracy: 0.8457 -- balanced_accuracy: 0.8457 -- auc: 0.9219 -- auc_roc: 0.9219 -- f1_score: 0.8448 -- precision: 0.8496 -- recall: 0.8400 -- time: 42.9837 
validation (Epoch 3) -- average_loss: 0.4351 -- label_loss: 0.4351 -- accuracy: 0.7990 -- balanced_accuracy: 0.7990 -- auc: 0.8910 -- auc_roc: 0.8910 -- f1_score: 0.8050 -- precision: 0.7815 -- recall: 0.8300 -- time: 2.0320 
train (Epoch 4) -- average_loss: 0.2804 -- label_loss: 0.2804 -- accuracy: 0.8845 -- balanced_accuracy: 0.8845 -- auc: 0.9514 -- auc_roc: 0.9514 -- f1_score: 0.8837 -- precision: 0.8896 -- recall: 0.8780 -- time: 43.0038 
validation (Epoch 4) -- average_loss: 0.5005 -- label_loss: 0.5005 -- accuracy: 0.7790 -- balanced_accuracy: 0.7790 -- auc: 0.9054 -- auc_roc: 0.9054 -- f1_score: 0.8070 -- precision: 0.7163 -- recall: 0.9240 -- time: 2.0465 
train (Epoch 5) -- average_loss: 0.2304 -- label_loss: 0.2304 -- accuracy: 0.9053 -- balanced_accuracy: 0.9053 -- auc: 0.9671 -- auc_roc: 0.9671 -- f1_score: 0.9042 -- precision: 0.9156 -- recall: 0.8930 -- time: 43.1118 
validation (Epoch 5) -- average_loss: 0.4772 -- label_loss: 0.4772 -- accuracy: 0.8020 -- balanced_accuracy: 0.8020 -- auc: 0.8989 -- auc_roc: 0.8989 -- f1_score: 0.8156 -- precision: 0.7631 -- recall: 0.8760 -- time: 2.0592 
train (Epoch 6) -- average_loss: 0.2002 -- label_loss: 0.2002 -- accuracy: 0.9235 -- balanced_accuracy: 0.9235 -- auc: 0.9750 -- auc_roc: 0.9750 -- f1_score: 0.9231 -- precision: 0.9285 -- recall: 0.9177 -- time: 43.6439 
validation (Epoch 6) -- average_loss: 0.5326 -- label_loss: 0.5326 -- accuracy: 0.8000 -- balanced_accuracy: 0.8000 -- auc: 0.9208 -- auc_roc: 0.9208 -- f1_score: 0.8258 -- precision: 0.7315 -- recall: 0.9480 -- time: 2.0692 
train (Epoch 7) -- average_loss: 0.1566 -- label_loss: 0.1566 -- accuracy: 0.9383 -- balanced_accuracy: 0.9383 -- auc: 0.9846 -- auc_roc: 0.9846 -- f1_score: 0.9382 -- precision: 0.9401 -- recall: 0.9363 -- time: 44.0165 
validation (Epoch 7) -- average_loss: 0.5224 -- label_loss: 0.5224 -- accuracy: 0.8200 -- balanced_accuracy: 0.8200 -- auc: 0.9130 -- auc_roc: 0.9130 -- f1_score: 0.8043 -- precision: 0.8810 -- recall: 0.7400 -- time: 2.0818 
train (Epoch 8) -- average_loss: 0.1357 -- label_loss: 0.1357 -- accuracy: 0.9453 -- balanced_accuracy: 0.9453 -- auc: 0.9885 -- auc_roc: 0.9885 -- f1_score: 0.9450 -- precision: 0.9504 -- recall: 0.9397 -- time: 44.2368 
validation (Epoch 8) -- average_loss: 0.4349 -- label_loss: 0.4349 -- accuracy: 0.8400 -- balanced_accuracy: 0.8400 -- auc: 0.9216 -- auc_roc: 0.9216 -- f1_score: 0.8464 -- precision: 0.8137 -- recall: 0.8820 -- time: 2.0938 
train (Epoch 9) -- average_loss: 0.1370 -- label_loss: 0.1370 -- accuracy: 0.9483 -- balanced_accuracy: 0.9483 -- auc: 0.9882 -- auc_roc: 0.9882 -- f1_score: 0.9482 -- precision: 0.9510 -- recall: 0.9453 -- time: 44.3641 
validation (Epoch 9) -- average_loss: 0.7691 -- label_loss: 0.7691 -- accuracy: 0.7650 -- balanced_accuracy: 0.7650 -- auc: 0.9127 -- auc_roc: 0.9127 -- f1_score: 0.8014 -- precision: 0.6940 -- recall: 0.9480 -- time: 2.1002 
train (Epoch 10) -- average_loss: 0.1134 -- label_loss: 0.1134 -- accuracy: 0.9578 -- balanced_accuracy: 0.9578 -- auc: 0.9918 -- auc_roc: 0.9918 -- f1_score: 0.9577 -- precision: 0.9608 -- recall: 0.9547 -- time: 44.4668 
validation (Epoch 10) -- average_loss: 0.5271 -- label_loss: 0.5271 -- accuracy: 0.8350 -- balanced_accuracy: 0.8350 -- auc: 0.9054 -- auc_roc: 0.9054 -- f1_score: 0.8358 -- precision: 0.8317 -- recall: 0.8400 -- time: 2.0938 
train (Epoch 11) -- average_loss: 0.1015 -- label_loss: 0.1015 -- accuracy: 0.9625 -- balanced_accuracy: 0.9625 -- auc: 0.9934 -- auc_roc: 0.9934 -- f1_score: 0.9624 -- precision: 0.9642 -- recall: 0.9607 -- time: 44.5219 
validation (Epoch 11) -- average_loss: 0.5032 -- label_loss: 0.5032 -- accuracy: 0.8340 -- balanced_accuracy: 0.8340 -- auc: 0.9225 -- auc_roc: 0.9225 -- f1_score: 0.8376 -- precision: 0.8199 -- recall: 0.8560 -- time: 2.1012 
train (Epoch 12) -- average_loss: 0.0818 -- label_loss: 0.0818 -- accuracy: 0.9705 -- balanced_accuracy: 0.9705 -- auc: 0.9957 -- auc_roc: 0.9957 -- f1_score: 0.9706 -- precision: 0.9685 -- recall: 0.9727 -- time: 44.8715 
validation (Epoch 12) -- average_loss: 0.7434 -- label_loss: 0.7434 -- accuracy: 0.8100 -- balanced_accuracy: 0.8100 -- auc: 0.9073 -- auc_roc: 0.9073 -- f1_score: 0.7939 -- precision: 0.8673 -- recall: 0.7320 -- time: 2.1175 
train (Epoch 13) -- average_loss: 0.0831 -- label_loss: 0.0831 -- accuracy: 0.9687 -- balanced_accuracy: 0.9687 -- auc: 0.9956 -- auc_roc: 0.9956 -- f1_score: 0.9687 -- precision: 0.9665 -- recall: 0.9710 -- time: 44.8356 
validation (Epoch 13) -- average_loss: 0.5351 -- label_loss: 0.5351 -- accuracy: 0.8190 -- balanced_accuracy: 0.8190 -- auc: 0.9139 -- auc_roc: 0.9139 -- f1_score: 0.8288 -- precision: 0.7864 -- recall: 0.8760 -- time: 2.1211 
test -- average_loss: 0.8771 -- label_loss: 0.8771 -- accuracy: 0.6327 -- balanced_accuracy: 0.6327 -- auc: 0.7156 -- auc_roc: 0.7156 -- f1_score: 0.6033 -- precision: 0.6557 -- recall: 0.5587 -- time: 19.0946 
[dann_generalization: train, real: 3000, fake_per_domain: 750] {'FaceShifter': {'real': 0, 'fake': 750}, 'NeuralTextures': {'real': 0, 'fake': 750}, 'Original': {'real': 3000, 'fake': 0}, 'Face2Face': {'real': 0, 'fake': 750}, 'FaceSwap': {'real': 0, 'fake': 750}}
[dann_generalization: val, real: 500, fake_per_domain: 125] {'Original': {'real': 500, 'fake': 0}, 'Face2Face': {'real': 0, 'fake': 125}, 'NeuralTextures': {'real': 0, 'fake': 125}, 'FaceSwap': {'real': 0, 'fake': 125}, 'FaceShifter': {'real': 0, 'fake': 125}}
[dann_generalization: test] {'Original': {'real': 750, 'fake': 0}, 'Deepfakes': {'real': 0, 'fake': 750}}
train (Epoch 1) -- average_loss: 0.7309 -- label_loss: 0.6039 -- accuracy: 0.6645 -- balanced_accuracy: 0.6645 -- auc: 0.7332 -- auc_roc: 0.7332 -- f1_score: 0.6661 -- precision: 0.6629 -- recall: 0.6693 -- time: 61.1200 -- domain_loss: 1.2709 -- domain_accuracy: 0.3953 
validation (Epoch 1) -- average_loss: 0.6475 -- label_loss: 0.5419 -- accuracy: 0.7330 -- balanced_accuracy: 0.7330 -- auc: 0.8205 -- auc_roc: 0.8205 -- f1_score: 0.6983 -- precision: 0.8026 -- recall: 0.6180 -- time: 7.4991 -- domain_loss: 1.0534 -- domain_accuracy: 0.5760 
train (Epoch 2) -- average_loss: 0.5414 -- label_loss: 0.4455 -- accuracy: 0.7898 -- balanced_accuracy: 0.7898 -- auc: 0.8735 -- auc_roc: 0.8735 -- f1_score: 0.7870 -- precision: 0.7977 -- recall: 0.7767 -- time: 44.4587 -- domain_loss: 0.9594 -- domain_accuracy: 0.6007 
validation (Epoch 2) -- average_loss: 0.5695 -- label_loss: 0.4851 -- accuracy: 0.7800 -- balanced_accuracy: 0.7800 -- auc: 0.8633 -- auc_roc: 0.8633 -- f1_score: 0.7901 -- precision: 0.7555 -- recall: 0.8280 -- time: 2.1681 -- domain_loss: 0.8472 -- domain_accuracy: 0.6500 
train (Epoch 3) -- average_loss: 0.4343 -- label_loss: 0.3487 -- accuracy: 0.8507 -- balanced_accuracy: 0.8507 -- auc: 0.9246 -- auc_roc: 0.9246 -- f1_score: 0.8493 -- precision: 0.8571 -- recall: 0.8417 -- time: 45.3861 -- domain_loss: 0.8577 -- domain_accuracy: 0.6347 
validation (Epoch 3) -- average_loss: 0.7935 -- label_loss: 0.7187 -- accuracy: 0.6820 -- balanced_accuracy: 0.6820 -- auc: 0.8824 -- auc_roc: 0.8824 -- f1_score: 0.7500 -- precision: 0.6179 -- recall: 0.9540 -- time: 2.1946 -- domain_loss: 0.7523 -- domain_accuracy: 0.6780 
train (Epoch 4) -- average_loss: 0.3659 -- label_loss: 0.2857 -- accuracy: 0.8817 -- balanced_accuracy: 0.8817 -- auc: 0.9502 -- auc_roc: 0.9502 -- f1_score: 0.8807 -- precision: 0.8881 -- recall: 0.8733 -- time: 46.4083 -- domain_loss: 0.8011 -- domain_accuracy: 0.6700 
validation (Epoch 4) -- average_loss: 0.6002 -- label_loss: 0.5266 -- accuracy: 0.7690 -- balanced_accuracy: 0.7690 -- auc: 0.8979 -- auc_roc: 0.8979 -- f1_score: 0.8024 -- precision: 0.7010 -- recall: 0.9380 -- time: 2.2048 -- domain_loss: 0.7407 -- domain_accuracy: 0.6860 
train (Epoch 5) -- average_loss: 0.3280 -- label_loss: 0.2447 -- accuracy: 0.9032 -- balanced_accuracy: 0.9032 -- auc: 0.9631 -- auc_roc: 0.9631 -- f1_score: 0.9025 -- precision: 0.9088 -- recall: 0.8963 -- time: 45.8610 -- domain_loss: 0.8311 -- domain_accuracy: 0.6440 
validation (Epoch 5) -- average_loss: 0.6811 -- label_loss: 0.5941 -- accuracy: 0.7710 -- balanced_accuracy: 0.7710 -- auc: 0.9080 -- auc_roc: 0.9080 -- f1_score: 0.7127 -- precision: 0.9562 -- recall: 0.5680 -- time: 2.2111 -- domain_loss: 0.8779 -- domain_accuracy: 0.6460 
train (Epoch 6) -- average_loss: 0.2843 -- label_loss: 0.2006 -- accuracy: 0.9185 -- balanced_accuracy: 0.9185 -- auc: 0.9754 -- auc_roc: 0.9754 -- f1_score: 0.9179 -- precision: 0.9249 -- recall: 0.9110 -- time: 45.6953 -- domain_loss: 0.8393 -- domain_accuracy: 0.6407 
validation (Epoch 6) -- average_loss: 0.5492 -- label_loss: 0.4593 -- accuracy: 0.8100 -- balanced_accuracy: 0.8100 -- auc: 0.8963 -- auc_roc: 0.8963 -- f1_score: 0.8096 -- precision: 0.8112 -- recall: 0.8080 -- time: 2.2305 -- domain_loss: 0.8944 -- domain_accuracy: 0.5820 
train (Epoch 7) -- average_loss: 0.2677 -- label_loss: 0.1706 -- accuracy: 0.9335 -- balanced_accuracy: 0.9335 -- auc: 0.9820 -- auc_roc: 0.9820 -- f1_score: 0.9330 -- precision: 0.9395 -- recall: 0.9267 -- time: 46.6640 -- domain_loss: 0.9737 -- domain_accuracy: 0.5503 
validation (Epoch 7) -- average_loss: 0.5967 -- label_loss: 0.4948 -- accuracy: 0.8180 -- balanced_accuracy: 0.8180 -- auc: 0.9102 -- auc_roc: 0.9102 -- f1_score: 0.7946 -- precision: 0.9119 -- recall: 0.7040 -- time: 2.2242 -- domain_loss: 1.0191 -- domain_accuracy: 0.5340 
train (Epoch 8) -- average_loss: 0.2520 -- label_loss: 0.1449 -- accuracy: 0.9465 -- balanced_accuracy: 0.9465 -- auc: 0.9862 -- auc_roc: 0.9862 -- f1_score: 0.9464 -- precision: 0.9487 -- recall: 0.9440 -- time: 45.8330 -- domain_loss: 1.0684 -- domain_accuracy: 0.5193 
validation (Epoch 8) -- average_loss: 0.6044 -- label_loss: 0.4932 -- accuracy: 0.8140 -- balanced_accuracy: 0.8140 -- auc: 0.9034 -- auc_roc: 0.9034 -- f1_score: 0.7987 -- precision: 0.8703 -- recall: 0.7380 -- time: 2.2166 -- domain_loss: 1.1080 -- domain_accuracy: 0.5120 
train (Epoch 9) -- average_loss: 0.2403 -- label_loss: 0.1244 -- accuracy: 0.9525 -- balanced_accuracy: 0.9525 -- auc: 0.9902 -- auc_roc: 0.9902 -- f1_score: 0.9523 -- precision: 0.9554 -- recall: 0.9493 -- time: 45.8238 -- domain_loss: 1.1587 -- domain_accuracy: 0.4600 
validation (Epoch 9) -- average_loss: 0.9468 -- label_loss: 0.8404 -- accuracy: 0.7560 -- balanced_accuracy: 0.7560 -- auc: 0.9009 -- auc_roc: 0.9009 -- f1_score: 0.7943 -- precision: 0.6866 -- recall: 0.9420 -- time: 2.2271 -- domain_loss: 1.0646 -- domain_accuracy: 0.6120 
train (Epoch 10) -- average_loss: 0.2404 -- label_loss: 0.1168 -- accuracy: 0.9538 -- balanced_accuracy: 0.9538 -- auc: 0.9913 -- auc_roc: 0.9913 -- f1_score: 0.9537 -- precision: 0.9570 -- recall: 0.9503 -- time: 45.8297 -- domain_loss: 1.2334 -- domain_accuracy: 0.4623 
validation (Epoch 10) -- average_loss: 0.5960 -- label_loss: 0.4680 -- accuracy: 0.8360 -- balanced_accuracy: 0.8360 -- auc: 0.9231 -- auc_roc: 0.9231 -- f1_score: 0.8376 -- precision: 0.8294 -- recall: 0.8460 -- time: 2.2310 -- domain_loss: 1.2834 -- domain_accuracy: 0.4080 
train (Epoch 11) -- average_loss: 0.2359 -- label_loss: 0.1027 -- accuracy: 0.9573 -- balanced_accuracy: 0.9573 -- auc: 0.9935 -- auc_roc: 0.9935 -- f1_score: 0.9572 -- precision: 0.9610 -- recall: 0.9533 -- time: 45.8440 -- domain_loss: 1.3321 -- domain_accuracy: 0.3603 
validation (Epoch 11) -- average_loss: 0.5865 -- label_loss: 0.4462 -- accuracy: 0.8440 -- balanced_accuracy: 0.8440 -- auc: 0.9260 -- auc_roc: 0.9260 -- f1_score: 0.8434 -- precision: 0.8468 -- recall: 0.8400 -- time: 2.2332 -- domain_loss: 1.4034 -- domain_accuracy: 0.2800 
train (Epoch 12) -- average_loss: 0.2266 -- label_loss: 0.0917 -- accuracy: 0.9672 -- balanced_accuracy: 0.9672 -- auc: 0.9943 -- auc_roc: 0.9943 -- f1_score: 0.9670 -- precision: 0.9711 -- recall: 0.9630 -- time: 45.7938 -- domain_loss: 1.3486 -- domain_accuracy: 0.3337 
validation (Epoch 12) -- average_loss: 0.6371 -- label_loss: 0.5064 -- accuracy: 0.8230 -- balanced_accuracy: 0.8230 -- auc: 0.9156 -- auc_roc: 0.9156 -- f1_score: 0.8242 -- precision: 0.8185 -- recall: 0.8300 -- time: 2.2241 -- domain_loss: 1.3073 -- domain_accuracy: 0.3740 
train (Epoch 13) -- average_loss: 0.2398 -- label_loss: 0.1065 -- accuracy: 0.9588 -- balanced_accuracy: 0.9588 -- auc: 0.9927 -- auc_roc: 0.9927 -- f1_score: 0.9587 -- precision: 0.9611 -- recall: 0.9563 -- time: 46.0894 -- domain_loss: 1.3328 -- domain_accuracy: 0.3617 
validation (Epoch 13) -- average_loss: 0.5952 -- label_loss: 0.4662 -- accuracy: 0.8330 -- balanced_accuracy: 0.8330 -- auc: 0.9288 -- auc_roc: 0.9288 -- f1_score: 0.8408 -- precision: 0.8033 -- recall: 0.8820 -- time: 2.2019 -- domain_loss: 1.2920 -- domain_accuracy: 0.3720 
train (Epoch 14) -- average_loss: 0.2052 -- label_loss: 0.0727 -- accuracy: 0.9720 -- balanced_accuracy: 0.9720 -- auc: 0.9968 -- auc_roc: 0.9968 -- f1_score: 0.9719 -- precision: 0.9742 -- recall: 0.9697 -- time: 45.8870 -- domain_loss: 1.3254 -- domain_accuracy: 0.3757 
validation (Epoch 14) -- average_loss: 0.6372 -- label_loss: 0.5027 -- accuracy: 0.8440 -- balanced_accuracy: 0.8440 -- auc: 0.9256 -- auc_roc: 0.9256 -- f1_score: 0.8337 -- precision: 0.8927 -- recall: 0.7820 -- time: 2.2195 -- domain_loss: 1.3429 -- domain_accuracy: 0.3360 
train (Epoch 15) -- average_loss: 0.2204 -- label_loss: 0.0845 -- accuracy: 0.9688 -- balanced_accuracy: 0.9688 -- auc: 0.9954 -- auc_roc: 0.9954 -- f1_score: 0.9688 -- precision: 0.9699 -- recall: 0.9677 -- time: 45.7521 -- domain_loss: 1.3573 -- domain_accuracy: 0.3237 
validation (Epoch 15) -- average_loss: 0.6344 -- label_loss: 0.5021 -- accuracy: 0.8300 -- balanced_accuracy: 0.8300 -- auc: 0.9209 -- auc_roc: 0.9209 -- f1_score: 0.8214 -- precision: 0.8650 -- recall: 0.7820 -- time: 2.2358 -- domain_loss: 1.3236 -- domain_accuracy: 0.4380 
train (Epoch 16) -- average_loss: 0.1971 -- label_loss: 0.0611 -- accuracy: 0.9792 -- balanced_accuracy: 0.9792 -- auc: 0.9974 -- auc_roc: 0.9974 -- f1_score: 0.9792 -- precision: 0.9793 -- recall: 0.9790 -- time: 45.7563 -- domain_loss: 1.3600 -- domain_accuracy: 0.3093 
validation (Epoch 16) -- average_loss: 1.1959 -- label_loss: 1.0574 -- accuracy: 0.7760 -- balanced_accuracy: 0.7760 -- auc: 0.9119 -- auc_roc: 0.9119 -- f1_score: 0.7228 -- precision: 0.9481 -- recall: 0.5840 -- time: 2.2165 -- domain_loss: 1.3813 -- domain_accuracy: 0.3220 
train (Epoch 17) -- average_loss: 0.2027 -- label_loss: 0.0679 -- accuracy: 0.9767 -- balanced_accuracy: 0.9767 -- auc: 0.9969 -- auc_roc: 0.9969 -- f1_score: 0.9767 -- precision: 0.9767 -- recall: 0.9767 -- time: 45.7933 -- domain_loss: 1.3486 -- domain_accuracy: 0.3247 
validation (Epoch 17) -- average_loss: 0.7542 -- label_loss: 0.6225 -- accuracy: 0.8310 -- balanced_accuracy: 0.8310 -- auc: 0.9175 -- auc_roc: 0.9175 -- f1_score: 0.8133 -- precision: 0.9086 -- recall: 0.7360 -- time: 2.2172 -- domain_loss: 1.3149 -- domain_accuracy: 0.4160 
train (Epoch 18) -- average_loss: 0.1959 -- label_loss: 0.0613 -- accuracy: 0.9778 -- balanced_accuracy: 0.9778 -- auc: 0.9975 -- auc_roc: 0.9975 -- f1_score: 0.9778 -- precision: 0.9783 -- recall: 0.9773 -- time: 47.9037 -- domain_loss: 1.3466 -- domain_accuracy: 0.3337 
validation (Epoch 18) -- average_loss: 0.6490 -- label_loss: 0.5161 -- accuracy: 0.8550 -- balanced_accuracy: 0.8550 -- auc: 0.9244 -- auc_roc: 0.9244 -- f1_score: 0.8546 -- precision: 0.8571 -- recall: 0.8520 -- time: 2.4405 -- domain_loss: 1.3300 -- domain_accuracy: 0.3480 
train (Epoch 19) -- average_loss: 0.1890 -- label_loss: 0.0527 -- accuracy: 0.9810 -- balanced_accuracy: 0.9810 -- auc: 0.9981 -- auc_roc: 0.9981 -- f1_score: 0.9810 -- precision: 0.9820 -- recall: 0.9800 -- time: 47.8422 -- domain_loss: 1.3631 -- domain_accuracy: 0.3080 
validation (Epoch 19) -- average_loss: 0.7381 -- label_loss: 0.6043 -- accuracy: 0.8360 -- balanced_accuracy: 0.8360 -- auc: 0.9202 -- auc_roc: 0.9202 -- f1_score: 0.8438 -- precision: 0.8055 -- recall: 0.8860 -- time: 2.2254 -- domain_loss: 1.3391 -- domain_accuracy: 0.3240 
train (Epoch 20) -- average_loss: 0.1953 -- label_loss: 0.0587 -- accuracy: 0.9792 -- balanced_accuracy: 0.9792 -- auc: 0.9976 -- auc_roc: 0.9976 -- f1_score: 0.9792 -- precision: 0.9771 -- recall: 0.9813 -- time: 45.8809 -- domain_loss: 1.3658 -- domain_accuracy: 0.2980 
validation (Epoch 20) -- average_loss: 0.8052 -- label_loss: 0.6688 -- accuracy: 0.8240 -- balanced_accuracy: 0.8240 -- auc: 0.9208 -- auc_roc: 0.9208 -- f1_score: 0.8057 -- precision: 0.8990 -- recall: 0.7300 -- time: 2.2238 -- domain_loss: 1.3649 -- domain_accuracy: 0.3440 
test -- average_loss: 0.8738 -- label_loss: 0.8738 -- accuracy: 0.7313 -- balanced_accuracy: 0.7313 -- auc: 0.8210 -- auc_roc: 0.8210 -- f1_score: 0.7039 -- precision: 0.7840 -- recall: 0.6387 -- time: 19.2247 
[baseline: train] {'FaceShifter': {'real': 0, 'fake': 750}, 'Original': {'real': 3000, 'fake': 0}, 'Face2Face': {'real': 0, 'fake': 750}, 'FaceSwap': {'real': 0, 'fake': 750}, 'NeuralTextures': {'real': 0, 'fake': 750}}
[baseline: val] {'Original': {'real': 500, 'fake': 0}, 'Face2Face': {'real': 0, 'fake': 125}, 'NeuralTextures': {'real': 0, 'fake': 125}, 'FaceShifter': {'real': 0, 'fake': 125}, 'FaceSwap': {'real': 0, 'fake': 125}}
[baseline: test] {'Deepfakes': {'real': 0, 'fake': 750}, 'Original': {'real': 750, 'fake': 0}}
train (Epoch 1) -- average_loss: 0.6090 -- label_loss: 0.6090 -- accuracy: 0.6575 -- balanced_accuracy: 0.6575 -- auc: 0.7259 -- auc_roc: 0.7259 -- f1_score: 0.6608 -- precision: 0.6545 -- recall: 0.6673 -- time: 58.1269 
validation (Epoch 1) -- average_loss: 0.6553 -- label_loss: 0.6553 -- accuracy: 0.6520 -- balanced_accuracy: 0.6520 -- auc: 0.7860 -- auc_roc: 0.7860 -- f1_score: 0.7225 -- precision: 0.6008 -- recall: 0.9060 -- time: 7.3573 
train (Epoch 2) -- average_loss: 0.4613 -- label_loss: 0.4613 -- accuracy: 0.7833 -- balanced_accuracy: 0.7833 -- auc: 0.8626 -- auc_roc: 0.8626 -- f1_score: 0.7788 -- precision: 0.7955 -- recall: 0.7627 -- time: 43.9278 
validation (Epoch 2) -- average_loss: 0.4700 -- label_loss: 0.4700 -- accuracy: 0.7800 -- balanced_accuracy: 0.7800 -- auc: 0.8590 -- auc_roc: 0.8590 -- f1_score: 0.7718 -- precision: 0.8017 -- recall: 0.7440 -- time: 2.0788 
train (Epoch 3) -- average_loss: 0.3661 -- label_loss: 0.3661 -- accuracy: 0.8350 -- balanced_accuracy: 0.8350 -- auc: 0.9164 -- auc_roc: 0.9164 -- f1_score: 0.8343 -- precision: 0.8379 -- recall: 0.8307 -- time: 44.5363 
validation (Epoch 3) -- average_loss: 0.6432 -- label_loss: 0.6432 -- accuracy: 0.7200 -- balanced_accuracy: 0.7200 -- auc: 0.8569 -- auc_roc: 0.8569 -- f1_score: 0.6325 -- precision: 0.9198 -- recall: 0.4820 -- time: 2.1039 
train (Epoch 4) -- average_loss: 0.2801 -- label_loss: 0.2801 -- accuracy: 0.8807 -- balanced_accuracy: 0.8807 -- auc: 0.9519 -- auc_roc: 0.9519 -- f1_score: 0.8801 -- precision: 0.8840 -- recall: 0.8763 -- time: 44.7117 
validation (Epoch 4) -- average_loss: 0.4068 -- label_loss: 0.4068 -- accuracy: 0.8110 -- balanced_accuracy: 0.8110 -- auc: 0.8989 -- auc_roc: 0.8989 -- f1_score: 0.8062 -- precision: 0.8274 -- recall: 0.7860 -- time: 2.1160 
train (Epoch 5) -- average_loss: 0.2470 -- label_loss: 0.2470 -- accuracy: 0.9012 -- balanced_accuracy: 0.9012 -- auc: 0.9625 -- auc_roc: 0.9625 -- f1_score: 0.9006 -- precision: 0.9056 -- recall: 0.8957 -- time: 44.7808 
validation (Epoch 5) -- average_loss: 0.4179 -- label_loss: 0.4179 -- accuracy: 0.8280 -- balanced_accuracy: 0.8280 -- auc: 0.9082 -- auc_roc: 0.9082 -- f1_score: 0.8304 -- precision: 0.8191 -- recall: 0.8420 -- time: 2.1162 
train (Epoch 6) -- average_loss: 0.1862 -- label_loss: 0.1862 -- accuracy: 0.9265 -- balanced_accuracy: 0.9265 -- auc: 0.9788 -- auc_roc: 0.9788 -- f1_score: 0.9262 -- precision: 0.9295 -- recall: 0.9230 -- time: 44.8311 
validation (Epoch 6) -- average_loss: 0.4640 -- label_loss: 0.4640 -- accuracy: 0.8280 -- balanced_accuracy: 0.8280 -- auc: 0.9031 -- auc_roc: 0.9031 -- f1_score: 0.8263 -- precision: 0.8347 -- recall: 0.8180 -- time: 2.1217 
train (Epoch 7) -- average_loss: 0.1611 -- label_loss: 0.1611 -- accuracy: 0.9382 -- balanced_accuracy: 0.9382 -- auc: 0.9837 -- auc_roc: 0.9837 -- f1_score: 0.9377 -- precision: 0.9445 -- recall: 0.9310 -- time: 44.8071 
validation (Epoch 7) -- average_loss: 0.4525 -- label_loss: 0.4525 -- accuracy: 0.8310 -- balanced_accuracy: 0.8310 -- auc: 0.9129 -- auc_roc: 0.9129 -- f1_score: 0.8295 -- precision: 0.8371 -- recall: 0.8220 -- time: 2.1365 
train (Epoch 8) -- average_loss: 0.1571 -- label_loss: 0.1571 -- accuracy: 0.9382 -- balanced_accuracy: 0.9382 -- auc: 0.9848 -- auc_roc: 0.9848 -- f1_score: 0.9383 -- precision: 0.9360 -- recall: 0.9407 -- time: 44.8897 
validation (Epoch 8) -- average_loss: 0.7312 -- label_loss: 0.7312 -- accuracy: 0.7540 -- balanced_accuracy: 0.7540 -- auc: 0.8922 -- auc_roc: 0.8922 -- f1_score: 0.7919 -- precision: 0.6862 -- recall: 0.9360 -- time: 2.1246 
train (Epoch 9) -- average_loss: 0.1100 -- label_loss: 0.1100 -- accuracy: 0.9607 -- balanced_accuracy: 0.9607 -- auc: 0.9923 -- auc_roc: 0.9923 -- f1_score: 0.9606 -- precision: 0.9616 -- recall: 0.9597 -- time: 44.9506 
validation (Epoch 9) -- average_loss: 0.6591 -- label_loss: 0.6591 -- accuracy: 0.8110 -- balanced_accuracy: 0.8110 -- auc: 0.8930 -- auc_roc: 0.8930 -- f1_score: 0.8255 -- precision: 0.7667 -- recall: 0.8940 -- time: 2.1438 
train (Epoch 10) -- average_loss: 0.1088 -- label_loss: 0.1088 -- accuracy: 0.9570 -- balanced_accuracy: 0.9570 -- auc: 0.9926 -- auc_roc: 0.9926 -- f1_score: 0.9569 -- precision: 0.9585 -- recall: 0.9553 -- time: 44.9329 
validation (Epoch 10) -- average_loss: 0.4786 -- label_loss: 0.4786 -- accuracy: 0.8340 -- balanced_accuracy: 0.8340 -- auc: 0.9169 -- auc_roc: 0.9169 -- f1_score: 0.8310 -- precision: 0.8465 -- recall: 0.8160 -- time: 2.1170 
train (Epoch 11) -- average_loss: 0.0945 -- label_loss: 0.0945 -- accuracy: 0.9650 -- balanced_accuracy: 0.9650 -- auc: 0.9942 -- auc_roc: 0.9942 -- f1_score: 0.9649 -- precision: 0.9666 -- recall: 0.9633 -- time: 44.8381 
validation (Epoch 11) -- average_loss: 0.7096 -- label_loss: 0.7096 -- accuracy: 0.7950 -- balanced_accuracy: 0.7950 -- auc: 0.9107 -- auc_roc: 0.9107 -- f1_score: 0.8171 -- precision: 0.7375 -- recall: 0.9160 -- time: 2.1199 
train (Epoch 12) -- average_loss: 0.0837 -- label_loss: 0.0837 -- accuracy: 0.9695 -- balanced_accuracy: 0.9695 -- auc: 0.9955 -- auc_roc: 0.9955 -- f1_score: 0.9695 -- precision: 0.9697 -- recall: 0.9693 -- time: 44.7698 
validation (Epoch 12) -- average_loss: 0.6192 -- label_loss: 0.6192 -- accuracy: 0.8210 -- balanced_accuracy: 0.8210 -- auc: 0.9169 -- auc_roc: 0.9169 -- f1_score: 0.8026 -- precision: 0.8943 -- recall: 0.7280 -- time: 2.1396 
train (Epoch 13) -- average_loss: 0.0743 -- label_loss: 0.0743 -- accuracy: 0.9720 -- balanced_accuracy: 0.9720 -- auc: 0.9964 -- auc_roc: 0.9964 -- f1_score: 0.9720 -- precision: 0.9723 -- recall: 0.9717 -- time: 44.7225 
validation (Epoch 13) -- average_loss: 0.6059 -- label_loss: 0.6059 -- accuracy: 0.8310 -- balanced_accuracy: 0.8310 -- auc: 0.9175 -- auc_roc: 0.9175 -- f1_score: 0.8428 -- precision: 0.7878 -- recall: 0.9060 -- time: 2.1237 
train (Epoch 14) -- average_loss: 0.0718 -- label_loss: 0.0718 -- accuracy: 0.9753 -- balanced_accuracy: 0.9753 -- auc: 0.9965 -- auc_roc: 0.9965 -- f1_score: 0.9753 -- precision: 0.9747 -- recall: 0.9760 -- time: 44.8319 
validation (Epoch 14) -- average_loss: 0.7491 -- label_loss: 0.7491 -- accuracy: 0.7960 -- balanced_accuracy: 0.7960 -- auc: 0.9097 -- auc_roc: 0.9097 -- f1_score: 0.8172 -- precision: 0.7403 -- recall: 0.9120 -- time: 2.1215 
train (Epoch 15) -- average_loss: 0.0679 -- label_loss: 0.0679 -- accuracy: 0.9748 -- balanced_accuracy: 0.9748 -- auc: 0.9971 -- auc_roc: 0.9971 -- f1_score: 0.9748 -- precision: 0.9772 -- recall: 0.9723 -- time: 44.7891 
validation (Epoch 15) -- average_loss: 0.7531 -- label_loss: 0.7531 -- accuracy: 0.7920 -- balanced_accuracy: 0.7920 -- auc: 0.9150 -- auc_roc: 0.9150 -- f1_score: 0.8133 -- precision: 0.7378 -- recall: 0.9060 -- time: 2.1193 
test -- average_loss: 0.8987 -- label_loss: 0.8987 -- accuracy: 0.7000 -- balanced_accuracy: 0.7000 -- auc: 0.8066 -- auc_roc: 0.8066 -- f1_score: 0.6490 -- precision: 0.7820 -- recall: 0.5547 -- time: 19.0341 
[dann_generalization: train, real: 3000, fake_per_domain: 750] {'FaceShifter': {'real': 0, 'fake': 750}, 'Original': {'real': 3000, 'fake': 0}, 'Face2Face': {'real': 0, 'fake': 750}, 'FaceSwap': {'real': 0, 'fake': 750}, 'NeuralTextures': {'real': 0, 'fake': 750}}
[dann_generalization: val, real: 500, fake_per_domain: 125] {'Original': {'real': 500, 'fake': 0}, 'Face2Face': {'real': 0, 'fake': 125}, 'NeuralTextures': {'real': 0, 'fake': 125}, 'FaceShifter': {'real': 0, 'fake': 125}, 'FaceSwap': {'real': 0, 'fake': 125}}
[dann_generalization: test] {'Deepfakes': {'real': 0, 'fake': 750}, 'Original': {'real': 750, 'fake': 0}}
train (Epoch 1) -- average_loss: 0.7435 -- label_loss: 0.6093 -- accuracy: 0.6615 -- balanced_accuracy: 0.6615 -- auc: 0.7284 -- auc_roc: 0.7284 -- f1_score: 0.6653 -- precision: 0.6579 -- recall: 0.6730 -- time: 58.8122 -- domain_loss: 1.3427 -- domain_accuracy: 0.3423 
validation (Epoch 1) -- average_loss: 0.6409 -- label_loss: 0.5235 -- accuracy: 0.7440 -- balanced_accuracy: 0.7440 -- auc: 0.8163 -- auc_roc: 0.8163 -- f1_score: 0.7534 -- precision: 0.7268 -- recall: 0.7820 -- time: 7.4814 -- domain_loss: 1.1791 -- domain_accuracy: 0.5660 
train (Epoch 2) -- average_loss: 0.5658 -- label_loss: 0.4511 -- accuracy: 0.7877 -- balanced_accuracy: 0.7877 -- auc: 0.8696 -- auc_roc: 0.8696 -- f1_score: 0.7841 -- precision: 0.7974 -- recall: 0.7713 -- time: 44.5752 -- domain_loss: 1.1457 -- domain_accuracy: 0.4927 
validation (Epoch 2) -- average_loss: 0.5782 -- label_loss: 0.4801 -- accuracy: 0.7630 -- balanced_accuracy: 0.7630 -- auc: 0.8643 -- auc_roc: 0.8643 -- f1_score: 0.7828 -- precision: 0.7225 -- recall: 0.8540 -- time: 2.1648 -- domain_loss: 0.9857 -- domain_accuracy: 0.5680 
train (Epoch 3) -- average_loss: 0.4684 -- label_loss: 0.3642 -- accuracy: 0.8410 -- balanced_accuracy: 0.8410 -- auc: 0.9174 -- auc_roc: 0.9174 -- f1_score: 0.8404 -- precision: 0.8435 -- recall: 0.8373 -- time: 45.2788 -- domain_loss: 1.0426 -- domain_accuracy: 0.5560 
validation (Epoch 3) -- average_loss: 0.5492 -- label_loss: 0.4532 -- accuracy: 0.7860 -- balanced_accuracy: 0.7860 -- auc: 0.8817 -- auc_roc: 0.8817 -- f1_score: 0.7926 -- precision: 0.7688 -- recall: 0.8180 -- time: 2.1942 -- domain_loss: 0.9675 -- domain_accuracy: 0.5760 
train (Epoch 4) -- average_loss: 0.3882 -- label_loss: 0.2805 -- accuracy: 0.8802 -- balanced_accuracy: 0.8802 -- auc: 0.9517 -- auc_roc: 0.9517 -- f1_score: 0.8789 -- precision: 0.8881 -- recall: 0.8700 -- time: 45.5788 -- domain_loss: 1.0752 -- domain_accuracy: 0.5077 
validation (Epoch 4) -- average_loss: 0.7967 -- label_loss: 0.6831 -- accuracy: 0.7380 -- balanced_accuracy: 0.7380 -- auc: 0.8308 -- auc_roc: 0.8308 -- f1_score: 0.7456 -- precision: 0.7245 -- recall: 0.7680 -- time: 2.1933 -- domain_loss: 1.1360 -- domain_accuracy: 0.4680 
train (Epoch 5) -- average_loss: 0.3547 -- label_loss: 0.2413 -- accuracy: 0.9002 -- balanced_accuracy: 0.9002 -- auc: 0.9645 -- auc_roc: 0.9645 -- f1_score: 0.9001 -- precision: 0.9006 -- recall: 0.8997 -- time: 45.6090 -- domain_loss: 1.1334 -- domain_accuracy: 0.4743 
validation (Epoch 5) -- average_loss: 0.5623 -- label_loss: 0.4611 -- accuracy: 0.8020 -- balanced_accuracy: 0.8020 -- auc: 0.9078 -- auc_roc: 0.9078 -- f1_score: 0.8177 -- precision: 0.7577 -- recall: 0.8880 -- time: 2.2026 -- domain_loss: 1.0167 -- domain_accuracy: 0.5400 
train (Epoch 6) -- average_loss: 0.3040 -- label_loss: 0.1927 -- accuracy: 0.9223 -- balanced_accuracy: 0.9223 -- auc: 0.9770 -- auc_roc: 0.9770 -- f1_score: 0.9222 -- precision: 0.9235 -- recall: 0.9210 -- time: 46.1652 -- domain_loss: 1.1086 -- domain_accuracy: 0.4867 
validation (Epoch 6) -- average_loss: 0.7747 -- label_loss: 0.6404 -- accuracy: 0.7720 -- balanced_accuracy: 0.7720 -- auc: 0.8791 -- auc_roc: 0.8791 -- f1_score: 0.7367 -- precision: 0.8716 -- recall: 0.6380 -- time: 2.1926 -- domain_loss: 1.3538 -- domain_accuracy: 0.3680 
train (Epoch 7) -- average_loss: 0.2708 -- label_loss: 0.1606 -- accuracy: 0.9380 -- balanced_accuracy: 0.9380 -- auc: 0.9838 -- auc_roc: 0.9838 -- f1_score: 0.9376 -- precision: 0.9430 -- recall: 0.9323 -- time: 45.7583 -- domain_loss: 1.1058 -- domain_accuracy: 0.4907 
validation (Epoch 7) -- average_loss: 0.5698 -- label_loss: 0.4538 -- accuracy: 0.8210 -- balanced_accuracy: 0.8210 -- auc: 0.9074 -- auc_roc: 0.9074 -- f1_score: 0.8164 -- precision: 0.8379 -- recall: 0.7960 -- time: 2.2110 -- domain_loss: 1.1648 -- domain_accuracy: 0.4640 
train (Epoch 8) -- average_loss: 0.2681 -- label_loss: 0.1437 -- accuracy: 0.9472 -- balanced_accuracy: 0.9472 -- auc: 0.9867 -- auc_roc: 0.9867 -- f1_score: 0.9470 -- precision: 0.9503 -- recall: 0.9437 -- time: 48.6363 -- domain_loss: 1.2428 -- domain_accuracy: 0.4300 
validation (Epoch 8) -- average_loss: 0.6207 -- label_loss: 0.4905 -- accuracy: 0.8240 -- balanced_accuracy: 0.8240 -- auc: 0.9008 -- auc_roc: 0.9008 -- f1_score: 0.8200 -- precision: 0.8389 -- recall: 0.8020 -- time: 2.2477 -- domain_loss: 1.3060 -- domain_accuracy: 0.3840 
train (Epoch 9) -- average_loss: 0.2405 -- label_loss: 0.1182 -- accuracy: 0.9555 -- balanced_accuracy: 0.9555 -- auc: 0.9912 -- auc_roc: 0.9912 -- f1_score: 0.9555 -- precision: 0.9563 -- recall: 0.9547 -- time: 46.1614 -- domain_loss: 1.2262 -- domain_accuracy: 0.4413 
validation (Epoch 9) -- average_loss: 0.6653 -- label_loss: 0.5354 -- accuracy: 0.8230 -- balanced_accuracy: 0.8230 -- auc: 0.9054 -- auc_roc: 0.9054 -- f1_score: 0.8239 -- precision: 0.8198 -- recall: 0.8280 -- time: 2.2252 -- domain_loss: 1.3024 -- domain_accuracy: 0.5200 
train (Epoch 10) -- average_loss: 0.2494 -- label_loss: 0.1175 -- accuracy: 0.9545 -- balanced_accuracy: 0.9545 -- auc: 0.9914 -- auc_roc: 0.9914 -- f1_score: 0.9546 -- precision: 0.9528 -- recall: 0.9563 -- time: 46.4811 -- domain_loss: 1.3198 -- domain_accuracy: 0.3653 
validation (Epoch 10) -- average_loss: 0.6470 -- label_loss: 0.5202 -- accuracy: 0.8320 -- balanced_accuracy: 0.8320 -- auc: 0.9068 -- auc_roc: 0.9068 -- f1_score: 0.8327 -- precision: 0.8294 -- recall: 0.8360 -- time: 2.2514 -- domain_loss: 1.2703 -- domain_accuracy: 0.4900 
train (Epoch 11) -- average_loss: 0.2394 -- label_loss: 0.1055 -- accuracy: 0.9607 -- balanced_accuracy: 0.9607 -- auc: 0.9930 -- auc_roc: 0.9930 -- f1_score: 0.9607 -- precision: 0.9604 -- recall: 0.9610 -- time: 45.9802 -- domain_loss: 1.3369 -- domain_accuracy: 0.3490 
validation (Epoch 11) -- average_loss: 0.6140 -- label_loss: 0.4830 -- accuracy: 0.8220 -- balanced_accuracy: 0.8220 -- auc: 0.9045 -- auc_roc: 0.9045 -- f1_score: 0.8295 -- precision: 0.7960 -- recall: 0.8660 -- time: 2.2201 -- domain_loss: 1.3125 -- domain_accuracy: 0.3520 
train (Epoch 12) -- average_loss: 0.2213 -- label_loss: 0.0885 -- accuracy: 0.9680 -- balanced_accuracy: 0.9680 -- auc: 0.9950 -- auc_roc: 0.9950 -- f1_score: 0.9680 -- precision: 0.9686 -- recall: 0.9673 -- time: 45.6728 -- domain_loss: 1.3271 -- domain_accuracy: 0.3423 
validation (Epoch 12) -- average_loss: 0.7240 -- label_loss: 0.5820 -- accuracy: 0.8220 -- balanced_accuracy: 0.8220 -- auc: 0.9098 -- auc_roc: 0.9098 -- f1_score: 0.8134 -- precision: 0.8546 -- recall: 0.7760 -- time: 2.1938 -- domain_loss: 1.4200 -- domain_accuracy: 0.3880 
train (Epoch 13) -- average_loss: 0.2119 -- label_loss: 0.0747 -- accuracy: 0.9710 -- balanced_accuracy: 0.9710 -- auc: 0.9965 -- auc_roc: 0.9965 -- f1_score: 0.9710 -- precision: 0.9716 -- recall: 0.9703 -- time: 45.6648 -- domain_loss: 1.3732 -- domain_accuracy: 0.2907 
validation (Epoch 13) -- average_loss: 0.9181 -- label_loss: 0.7818 -- accuracy: 0.8200 -- balanced_accuracy: 0.8200 -- auc: 0.9090 -- auc_roc: 0.9090 -- f1_score: 0.7982 -- precision: 0.9082 -- recall: 0.7120 -- time: 2.2114 -- domain_loss: 1.3659 -- domain_accuracy: 0.3260 
train (Epoch 14) -- average_loss: 0.2196 -- label_loss: 0.0835 -- accuracy: 0.9687 -- balanced_accuracy: 0.9687 -- auc: 0.9955 -- auc_roc: 0.9955 -- f1_score: 0.9686 -- precision: 0.9693 -- recall: 0.9680 -- time: 45.6755 -- domain_loss: 1.3611 -- domain_accuracy: 0.3273 
validation (Epoch 14) -- average_loss: 0.7823 -- label_loss: 0.6504 -- accuracy: 0.8120 -- balanced_accuracy: 0.8120 -- auc: 0.9043 -- auc_roc: 0.9043 -- f1_score: 0.7892 -- precision: 0.8980 -- recall: 0.7040 -- time: 2.2018 -- domain_loss: 1.3204 -- domain_accuracy: 0.4200 
train (Epoch 15) -- average_loss: 0.2067 -- label_loss: 0.0710 -- accuracy: 0.9733 -- balanced_accuracy: 0.9733 -- auc: 0.9969 -- auc_roc: 0.9969 -- f1_score: 0.9733 -- precision: 0.9756 -- recall: 0.9710 -- time: 45.6767 -- domain_loss: 1.3564 -- domain_accuracy: 0.3123 
validation (Epoch 15) -- average_loss: 0.7172 -- label_loss: 0.5804 -- accuracy: 0.8120 -- balanced_accuracy: 0.8120 -- auc: 0.9088 -- auc_roc: 0.9088 -- f1_score: 0.8150 -- precision: 0.8023 -- recall: 0.8280 -- time: 2.2120 -- domain_loss: 1.3688 -- domain_accuracy: 0.3260 
test -- average_loss: 0.7195 -- label_loss: 0.7195 -- accuracy: 0.7673 -- balanced_accuracy: 0.7673 -- auc: 0.8350 -- auc_roc: 0.8350 -- f1_score: 0.7598 -- precision: 0.7852 -- recall: 0.7360 -- time: 19.6479 
[baseline: train] {'Original': {'real': 3000, 'fake': 0}, 'FaceSwap': {'real': 0, 'fake': 750}, 'Face2Face': {'real': 0, 'fake': 750}, 'NeuralTextures': {'real': 0, 'fake': 750}, 'FaceShifter': {'real': 0, 'fake': 750}}
[baseline: val] {'Original': {'real': 500, 'fake': 0}, 'FaceSwap': {'real': 0, 'fake': 125}, 'NeuralTextures': {'real': 0, 'fake': 125}, 'Face2Face': {'real': 0, 'fake': 125}, 'FaceShifter': {'real': 0, 'fake': 125}}
[baseline: test] {'Deepfakes': {'real': 0, 'fake': 750}, 'Original': {'real': 750, 'fake': 0}}
train (Epoch 1) -- average_loss: 0.6118 -- label_loss: 0.6118 -- accuracy: 0.6565 -- balanced_accuracy: 0.6565 -- auc: 0.7228 -- auc_roc: 0.7228 -- f1_score: 0.6562 -- precision: 0.6568 -- recall: 0.6557 -- time: 58.1546 
validation (Epoch 1) -- average_loss: 0.5360 -- label_loss: 0.5360 -- accuracy: 0.7200 -- balanced_accuracy: 0.7200 -- auc: 0.8142 -- auc_roc: 0.8142 -- f1_score: 0.7407 -- precision: 0.6897 -- recall: 0.8000 -- time: 7.3675 
train (Epoch 2) -- average_loss: 0.4573 -- label_loss: 0.4573 -- accuracy: 0.7872 -- balanced_accuracy: 0.7872 -- auc: 0.8664 -- auc_roc: 0.8664 -- f1_score: 0.7869 -- precision: 0.7878 -- recall: 0.7860 -- time: 43.9286 
validation (Epoch 2) -- average_loss: 0.4508 -- label_loss: 0.4508 -- accuracy: 0.7900 -- balanced_accuracy: 0.7900 -- auc: 0.8707 -- auc_roc: 0.8707 -- f1_score: 0.7913 -- precision: 0.7866 -- recall: 0.7960 -- time: 2.0917 
train (Epoch 3) -- average_loss: 0.3549 -- label_loss: 0.3549 -- accuracy: 0.8467 -- balanced_accuracy: 0.8467 -- auc: 0.9223 -- auc_roc: 0.9223 -- f1_score: 0.8463 -- precision: 0.8483 -- recall: 0.8443 -- time: 44.5497 
validation (Epoch 3) -- average_loss: 0.6935 -- label_loss: 0.6935 -- accuracy: 0.6960 -- balanced_accuracy: 0.6960 -- auc: 0.8687 -- auc_roc: 0.8687 -- f1_score: 0.7520 -- precision: 0.6350 -- recall: 0.9220 -- time: 2.1249 
train (Epoch 4) -- average_loss: 0.2866 -- label_loss: 0.2866 -- accuracy: 0.8825 -- balanced_accuracy: 0.8825 -- auc: 0.9496 -- auc_roc: 0.9496 -- f1_score: 0.8820 -- precision: 0.8857 -- recall: 0.8783 -- time: 44.7350 
validation (Epoch 4) -- average_loss: 0.4379 -- label_loss: 0.4379 -- accuracy: 0.8070 -- balanced_accuracy: 0.8070 -- auc: 0.9031 -- auc_roc: 0.9031 -- f1_score: 0.7900 -- precision: 0.8663 -- recall: 0.7260 -- time: 2.1244 
train (Epoch 5) -- average_loss: 0.2320 -- label_loss: 0.2320 -- accuracy: 0.9075 -- balanced_accuracy: 0.9075 -- auc: 0.9668 -- auc_roc: 0.9668 -- f1_score: 0.9068 -- precision: 0.9140 -- recall: 0.8997 -- time: 44.9125 
validation (Epoch 5) -- average_loss: 0.3828 -- label_loss: 0.3828 -- accuracy: 0.8350 -- balanced_accuracy: 0.8350 -- auc: 0.9230 -- auc_roc: 0.9230 -- f1_score: 0.8352 -- precision: 0.8343 -- recall: 0.8360 -- time: 2.1323 
train (Epoch 6) -- average_loss: 0.1932 -- label_loss: 0.1932 -- accuracy: 0.9233 -- balanced_accuracy: 0.9233 -- auc: 0.9769 -- auc_roc: 0.9769 -- f1_score: 0.9235 -- precision: 0.9214 -- recall: 0.9257 -- time: 44.8447 
validation (Epoch 6) -- average_loss: 0.4462 -- label_loss: 0.4462 -- accuracy: 0.8230 -- balanced_accuracy: 0.8230 -- auc: 0.9086 -- auc_roc: 0.9086 -- f1_score: 0.8119 -- precision: 0.8662 -- recall: 0.7640 -- time: 2.1316 
train (Epoch 7) -- average_loss: 0.1616 -- label_loss: 0.1616 -- accuracy: 0.9362 -- balanced_accuracy: 0.9362 -- auc: 0.9839 -- auc_roc: 0.9839 -- f1_score: 0.9360 -- precision: 0.9378 -- recall: 0.9343 -- time: 45.0697 
validation (Epoch 7) -- average_loss: 0.4272 -- label_loss: 0.4272 -- accuracy: 0.8420 -- balanced_accuracy: 0.8420 -- auc: 0.9175 -- auc_roc: 0.9175 -- f1_score: 0.8426 -- precision: 0.8393 -- recall: 0.8460 -- time: 2.1402 
train (Epoch 8) -- average_loss: 0.1455 -- label_loss: 0.1455 -- accuracy: 0.9470 -- balanced_accuracy: 0.9470 -- auc: 0.9866 -- auc_roc: 0.9866 -- f1_score: 0.9468 -- precision: 0.9509 -- recall: 0.9427 -- time: 44.7793 
validation (Epoch 8) -- average_loss: 0.6569 -- label_loss: 0.6569 -- accuracy: 0.7810 -- balanced_accuracy: 0.7810 -- auc: 0.9012 -- auc_roc: 0.9012 -- f1_score: 0.8046 -- precision: 0.7262 -- recall: 0.9020 -- time: 2.1169 
train (Epoch 9) -- average_loss: 0.1244 -- label_loss: 0.1244 -- accuracy: 0.9520 -- balanced_accuracy: 0.9520 -- auc: 0.9901 -- auc_roc: 0.9901 -- f1_score: 0.9519 -- precision: 0.9547 -- recall: 0.9490 -- time: 44.6561 
validation (Epoch 9) -- average_loss: 0.4768 -- label_loss: 0.4768 -- accuracy: 0.8430 -- balanced_accuracy: 0.8430 -- auc: 0.9204 -- auc_roc: 0.9204 -- f1_score: 0.8422 -- precision: 0.8465 -- recall: 0.8380 -- time: 2.1269 
train (Epoch 10) -- average_loss: 0.1105 -- label_loss: 0.1105 -- accuracy: 0.9567 -- balanced_accuracy: 0.9567 -- auc: 0.9924 -- auc_roc: 0.9924 -- f1_score: 0.9567 -- precision: 0.9561 -- recall: 0.9573 -- time: 44.6788 
validation (Epoch 10) -- average_loss: 1.0488 -- label_loss: 1.0488 -- accuracy: 0.7310 -- balanced_accuracy: 0.7310 -- auc: 0.9091 -- auc_roc: 0.9091 -- f1_score: 0.7811 -- precision: 0.6584 -- recall: 0.9600 -- time: 2.0985 
train (Epoch 11) -- average_loss: 0.0979 -- label_loss: 0.0979 -- accuracy: 0.9647 -- balanced_accuracy: 0.9647 -- auc: 0.9939 -- auc_roc: 0.9939 -- f1_score: 0.9646 -- precision: 0.9668 -- recall: 0.9623 -- time: 44.7113 
validation (Epoch 11) -- average_loss: 0.5230 -- label_loss: 0.5230 -- accuracy: 0.8360 -- balanced_accuracy: 0.8360 -- auc: 0.9233 -- auc_roc: 0.9233 -- f1_score: 0.8429 -- precision: 0.8088 -- recall: 0.8800 -- time: 2.1184 
train (Epoch 12) -- average_loss: 0.0842 -- label_loss: 0.0842 -- accuracy: 0.9682 -- balanced_accuracy: 0.9682 -- auc: 0.9953 -- auc_roc: 0.9953 -- f1_score: 0.9682 -- precision: 0.9686 -- recall: 0.9677 -- time: 44.7863 
validation (Epoch 12) -- average_loss: 0.5668 -- label_loss: 0.5668 -- accuracy: 0.8450 -- balanced_accuracy: 0.8450 -- auc: 0.9255 -- auc_roc: 0.9255 -- f1_score: 0.8332 -- precision: 0.9021 -- recall: 0.7740 -- time: 2.1368 
train (Epoch 13) -- average_loss: 0.0906 -- label_loss: 0.0906 -- accuracy: 0.9655 -- balanced_accuracy: 0.9655 -- auc: 0.9948 -- auc_roc: 0.9948 -- f1_score: 0.9655 -- precision: 0.9653 -- recall: 0.9657 -- time: 44.6146 
validation (Epoch 13) -- average_loss: 0.5014 -- label_loss: 0.5014 -- accuracy: 0.8440 -- balanced_accuracy: 0.8440 -- auc: 0.9185 -- auc_roc: 0.9185 -- f1_score: 0.8372 -- precision: 0.8755 -- recall: 0.8020 -- time: 2.1255 
train (Epoch 14) -- average_loss: 0.0702 -- label_loss: 0.0702 -- accuracy: 0.9722 -- balanced_accuracy: 0.9722 -- auc: 0.9969 -- auc_roc: 0.9969 -- f1_score: 0.9721 -- precision: 0.9742 -- recall: 0.9700 -- time: 44.7422 
validation (Epoch 14) -- average_loss: 1.1677 -- label_loss: 1.1677 -- accuracy: 0.7930 -- balanced_accuracy: 0.7930 -- auc: 0.9238 -- auc_roc: 0.9238 -- f1_score: 0.7435 -- precision: 0.9772 -- recall: 0.6000 -- time: 2.1156 
train (Epoch 15) -- average_loss: 0.0717 -- label_loss: 0.0717 -- accuracy: 0.9725 -- balanced_accuracy: 0.9725 -- auc: 0.9966 -- auc_roc: 0.9966 -- f1_score: 0.9725 -- precision: 0.9730 -- recall: 0.9720 -- time: 44.6908 
validation (Epoch 15) -- average_loss: 0.7282 -- label_loss: 0.7282 -- accuracy: 0.8100 -- balanced_accuracy: 0.8100 -- auc: 0.9086 -- auc_roc: 0.9086 -- f1_score: 0.7875 -- precision: 0.8934 -- recall: 0.7040 -- time: 2.1175 
train (Epoch 16) -- average_loss: 0.0585 -- label_loss: 0.0585 -- accuracy: 0.9783 -- balanced_accuracy: 0.9783 -- auc: 0.9978 -- auc_roc: 0.9978 -- f1_score: 0.9783 -- precision: 0.9780 -- recall: 0.9787 -- time: 44.6607 
validation (Epoch 16) -- average_loss: 0.5077 -- label_loss: 0.5077 -- accuracy: 0.8510 -- balanced_accuracy: 0.8510 -- auc: 0.9305 -- auc_roc: 0.9305 -- f1_score: 0.8490 -- precision: 0.8604 -- recall: 0.8380 -- time: 2.1246 
train (Epoch 17) -- average_loss: 0.0733 -- label_loss: 0.0733 -- accuracy: 0.9727 -- balanced_accuracy: 0.9727 -- auc: 0.9965 -- auc_roc: 0.9965 -- f1_score: 0.9726 -- precision: 0.9733 -- recall: 0.9720 -- time: 44.7082 
validation (Epoch 17) -- average_loss: 0.5445 -- label_loss: 0.5445 -- accuracy: 0.8430 -- balanced_accuracy: 0.8430 -- auc: 0.9326 -- auc_roc: 0.9326 -- f1_score: 0.8542 -- precision: 0.7972 -- recall: 0.9200 -- time: 2.1285 
train (Epoch 18) -- average_loss: 0.0639 -- label_loss: 0.0639 -- accuracy: 0.9758 -- balanced_accuracy: 0.9758 -- auc: 0.9973 -- auc_roc: 0.9973 -- f1_score: 0.9758 -- precision: 0.9779 -- recall: 0.9737 -- time: 44.6639 
validation (Epoch 18) -- average_loss: 0.5918 -- label_loss: 0.5918 -- accuracy: 0.8550 -- balanced_accuracy: 0.8550 -- auc: 0.9338 -- auc_roc: 0.9338 -- f1_score: 0.8636 -- precision: 0.8153 -- recall: 0.9180 -- time: 2.1337 
train (Epoch 19) -- average_loss: 0.0502 -- label_loss: 0.0502 -- accuracy: 0.9815 -- balanced_accuracy: 0.9815 -- auc: 0.9983 -- auc_roc: 0.9983 -- f1_score: 0.9815 -- precision: 0.9813 -- recall: 0.9817 -- time: 44.7181 
validation (Epoch 19) -- average_loss: 0.6364 -- label_loss: 0.6364 -- accuracy: 0.8120 -- balanced_accuracy: 0.8120 -- auc: 0.9094 -- auc_roc: 0.9094 -- f1_score: 0.8157 -- precision: 0.8000 -- recall: 0.8320 -- time: 2.1309 
train (Epoch 20) -- average_loss: 0.0626 -- label_loss: 0.0626 -- accuracy: 0.9765 -- balanced_accuracy: 0.9765 -- auc: 0.9973 -- auc_roc: 0.9973 -- f1_score: 0.9765 -- precision: 0.9770 -- recall: 0.9760 -- time: 44.7219 
validation (Epoch 20) -- average_loss: 0.5618 -- label_loss: 0.5618 -- accuracy: 0.8500 -- balanced_accuracy: 0.8500 -- auc: 0.9242 -- auc_roc: 0.9242 -- f1_score: 0.8527 -- precision: 0.8378 -- recall: 0.8680 -- time: 2.1183 
test -- average_loss: 1.0098 -- label_loss: 1.0098 -- accuracy: 0.7167 -- balanced_accuracy: 0.7167 -- auc: 0.7921 -- auc_roc: 0.7921 -- f1_score: 0.7026 -- precision: 0.7393 -- recall: 0.6693 -- time: 19.0150 
[dann_generalization: train, real: 3000, fake_per_domain: 750] {'Original': {'real': 3000, 'fake': 0}, 'FaceSwap': {'real': 0, 'fake': 750}, 'Face2Face': {'real': 0, 'fake': 750}, 'NeuralTextures': {'real': 0, 'fake': 750}, 'FaceShifter': {'real': 0, 'fake': 750}}
[dann_generalization: val, real: 500, fake_per_domain: 125] {'Original': {'real': 500, 'fake': 0}, 'FaceSwap': {'real': 0, 'fake': 125}, 'NeuralTextures': {'real': 0, 'fake': 125}, 'Face2Face': {'real': 0, 'fake': 125}, 'FaceShifter': {'real': 0, 'fake': 125}}
[dann_generalization: test] {'Deepfakes': {'real': 0, 'fake': 750}, 'Original': {'real': 750, 'fake': 0}}
train (Epoch 1) -- average_loss: 0.7396 -- label_loss: 0.6104 -- accuracy: 0.6638 -- balanced_accuracy: 0.6638 -- auc: 0.7262 -- auc_roc: 0.7262 -- f1_score: 0.6713 -- precision: 0.6567 -- recall: 0.6867 -- time: 58.9631 -- domain_loss: 1.2914 -- domain_accuracy: 0.3947 
validation (Epoch 1) -- average_loss: 0.5967 -- label_loss: 0.4940 -- accuracy: 0.7510 -- balanced_accuracy: 0.7510 -- auc: 0.8457 -- auc_roc: 0.8457 -- f1_score: 0.7414 -- precision: 0.7711 -- recall: 0.7140 -- time: 7.5553 -- domain_loss: 1.0309 -- domain_accuracy: 0.5620 
train (Epoch 2) -- average_loss: 0.5607 -- label_loss: 0.4591 -- accuracy: 0.7837 -- balanced_accuracy: 0.7837 -- auc: 0.8651 -- auc_roc: 0.8651 -- f1_score: 0.7840 -- precision: 0.7827 -- recall: 0.7853 -- time: 44.6979 -- domain_loss: 1.0167 -- domain_accuracy: 0.5750 
validation (Epoch 2) -- average_loss: 0.6866 -- label_loss: 0.5890 -- accuracy: 0.7370 -- balanced_accuracy: 0.7370 -- auc: 0.8695 -- auc_roc: 0.8695 -- f1_score: 0.6700 -- precision: 0.8990 -- recall: 0.5340 -- time: 2.1607 -- domain_loss: 0.9812 -- domain_accuracy: 0.5920 
train (Epoch 3) -- average_loss: 0.4380 -- label_loss: 0.3488 -- accuracy: 0.8473 -- balanced_accuracy: 0.8473 -- auc: 0.9244 -- auc_roc: 0.9244 -- f1_score: 0.8456 -- precision: 0.8551 -- recall: 0.8363 -- time: 45.2126 -- domain_loss: 0.8902 -- domain_accuracy: 0.6377 
validation (Epoch 3) -- average_loss: 0.5263 -- label_loss: 0.4504 -- accuracy: 0.7960 -- balanced_accuracy: 0.7960 -- auc: 0.9069 -- auc_roc: 0.9069 -- f1_score: 0.8195 -- precision: 0.7349 -- recall: 0.9260 -- time: 2.1809 -- domain_loss: 0.7627 -- domain_accuracy: 0.7140 
train (Epoch 4) -- average_loss: 0.3764 -- label_loss: 0.2849 -- accuracy: 0.8802 -- balanced_accuracy: 0.8802 -- auc: 0.9502 -- auc_roc: 0.9502 -- f1_score: 0.8786 -- precision: 0.8902 -- recall: 0.8673 -- time: 45.4084 -- domain_loss: 0.9157 -- domain_accuracy: 0.6253 
validation (Epoch 4) -- average_loss: 0.5450 -- label_loss: 0.4461 -- accuracy: 0.8060 -- balanced_accuracy: 0.8060 -- auc: 0.9028 -- auc_roc: 0.9028 -- f1_score: 0.8173 -- precision: 0.7722 -- recall: 0.8680 -- time: 2.1989 -- domain_loss: 0.9878 -- domain_accuracy: 0.5740 
train (Epoch 5) -- average_loss: 0.3143 -- label_loss: 0.2256 -- accuracy: 0.9043 -- balanced_accuracy: 0.9043 -- auc: 0.9688 -- auc_roc: 0.9688 -- f1_score: 0.9039 -- precision: 0.9076 -- recall: 0.9003 -- time: 45.5451 -- domain_loss: 0.8838 -- domain_accuracy: 0.6483 
validation (Epoch 5) -- average_loss: 0.7124 -- label_loss: 0.6042 -- accuracy: 0.7690 -- balanced_accuracy: 0.7690 -- auc: 0.9058 -- auc_roc: 0.9058 -- f1_score: 0.7193 -- precision: 0.9164 -- recall: 0.5920 -- time: 2.1976 -- domain_loss: 1.0803 -- domain_accuracy: 0.5400 
train (Epoch 6) -- average_loss: 0.2968 -- label_loss: 0.1916 -- accuracy: 0.9262 -- balanced_accuracy: 0.9262 -- auc: 0.9772 -- auc_roc: 0.9772 -- f1_score: 0.9257 -- precision: 0.9315 -- recall: 0.9200 -- time: 45.5797 -- domain_loss: 1.0494 -- domain_accuracy: 0.5447 
validation (Epoch 6) -- average_loss: 0.5875 -- label_loss: 0.4623 -- accuracy: 0.8210 -- balanced_accuracy: 0.8210 -- auc: 0.9100 -- auc_roc: 0.9100 -- f1_score: 0.8048 -- precision: 0.8849 -- recall: 0.7380 -- time: 2.2173 -- domain_loss: 1.2469 -- domain_accuracy: 0.4160 
train (Epoch 7) -- average_loss: 0.2749 -- label_loss: 0.1613 -- accuracy: 0.9410 -- balanced_accuracy: 0.9410 -- auc: 0.9836 -- auc_roc: 0.9836 -- f1_score: 0.9409 -- precision: 0.9428 -- recall: 0.9390 -- time: 45.5967 -- domain_loss: 1.1383 -- domain_accuracy: 0.4857 
validation (Epoch 7) -- average_loss: 0.5680 -- label_loss: 0.4603 -- accuracy: 0.8300 -- balanced_accuracy: 0.8300 -- auc: 0.9101 -- auc_roc: 0.9101 -- f1_score: 0.8330 -- precision: 0.8185 -- recall: 0.8480 -- time: 2.2032 -- domain_loss: 1.0760 -- domain_accuracy: 0.5860 
train (Epoch 8) -- average_loss: 0.2561 -- label_loss: 0.1407 -- accuracy: 0.9458 -- balanced_accuracy: 0.9458 -- auc: 0.9878 -- auc_roc: 0.9878 -- f1_score: 0.9454 -- precision: 0.9523 -- recall: 0.9387 -- time: 45.7537 -- domain_loss: 1.1508 -- domain_accuracy: 0.4823 
validation (Epoch 8) -- average_loss: 0.6254 -- label_loss: 0.5076 -- accuracy: 0.8250 -- balanced_accuracy: 0.8250 -- auc: 0.9140 -- auc_roc: 0.9140 -- f1_score: 0.8205 -- precision: 0.8421 -- recall: 0.8000 -- time: 2.2055 -- domain_loss: 1.1749 -- domain_accuracy: 0.4460 
train (Epoch 9) -- average_loss: 0.2504 -- label_loss: 0.1183 -- accuracy: 0.9590 -- balanced_accuracy: 0.9590 -- auc: 0.9909 -- auc_roc: 0.9909 -- f1_score: 0.9589 -- precision: 0.9612 -- recall: 0.9567 -- time: 45.6908 -- domain_loss: 1.3203 -- domain_accuracy: 0.3657 
validation (Epoch 9) -- average_loss: 0.6081 -- label_loss: 0.4861 -- accuracy: 0.8250 -- balanced_accuracy: 0.8250 -- auc: 0.9194 -- auc_roc: 0.9194 -- f1_score: 0.8372 -- precision: 0.7826 -- recall: 0.9000 -- time: 2.2266 -- domain_loss: 1.2215 -- domain_accuracy: 0.5440 
train (Epoch 10) -- average_loss: 0.2445 -- label_loss: 0.1145 -- accuracy: 0.9583 -- balanced_accuracy: 0.9583 -- auc: 0.9917 -- auc_roc: 0.9917 -- f1_score: 0.9583 -- precision: 0.9580 -- recall: 0.9587 -- time: 45.6892 -- domain_loss: 1.2994 -- domain_accuracy: 0.3923 
validation (Epoch 10) -- average_loss: 0.5212 -- label_loss: 0.3856 -- accuracy: 0.8680 -- balanced_accuracy: 0.8680 -- auc: 0.9401 -- auc_roc: 0.9401 -- f1_score: 0.8656 -- precision: 0.8817 -- recall: 0.8500 -- time: 2.2133 -- domain_loss: 1.3569 -- domain_accuracy: 0.3380 
train (Epoch 11) -- average_loss: 0.2259 -- label_loss: 0.0920 -- accuracy: 0.9648 -- balanced_accuracy: 0.9648 -- auc: 0.9945 -- auc_roc: 0.9945 -- f1_score: 0.9649 -- precision: 0.9634 -- recall: 0.9663 -- time: 45.7340 -- domain_loss: 1.3379 -- domain_accuracy: 0.3433 
validation (Epoch 11) -- average_loss: 0.6687 -- label_loss: 0.5390 -- accuracy: 0.8380 -- balanced_accuracy: 0.8380 -- auc: 0.9279 -- auc_roc: 0.9279 -- f1_score: 0.8204 -- precision: 0.9204 -- recall: 0.7400 -- time: 2.2157 -- domain_loss: 1.2989 -- domain_accuracy: 0.4540 
train (Epoch 12) -- average_loss: 0.2280 -- label_loss: 0.0919 -- accuracy: 0.9652 -- balanced_accuracy: 0.9652 -- auc: 0.9945 -- auc_roc: 0.9945 -- f1_score: 0.9653 -- precision: 0.9622 -- recall: 0.9683 -- time: 45.8301 -- domain_loss: 1.3600 -- domain_accuracy: 0.3183 
validation (Epoch 12) -- average_loss: 0.6495 -- label_loss: 0.5158 -- accuracy: 0.8290 -- balanced_accuracy: 0.8290 -- auc: 0.9269 -- auc_roc: 0.9269 -- f1_score: 0.8406 -- precision: 0.7871 -- recall: 0.9020 -- time: 2.2152 -- domain_loss: 1.3375 -- domain_accuracy: 0.4120 
train (Epoch 13) -- average_loss: 0.2261 -- label_loss: 0.0898 -- accuracy: 0.9645 -- balanced_accuracy: 0.9645 -- auc: 0.9949 -- auc_roc: 0.9949 -- f1_score: 0.9644 -- precision: 0.9659 -- recall: 0.9630 -- time: 45.7912 -- domain_loss: 1.3629 -- domain_accuracy: 0.3240 
validation (Epoch 13) -- average_loss: 0.6934 -- label_loss: 0.5621 -- accuracy: 0.8380 -- balanced_accuracy: 0.8380 -- auc: 0.9178 -- auc_roc: 0.9178 -- f1_score: 0.8396 -- precision: 0.8314 -- recall: 0.8480 -- time: 2.2140 -- domain_loss: 1.3143 -- domain_accuracy: 0.3680 
train (Epoch 14) -- average_loss: 0.1984 -- label_loss: 0.0624 -- accuracy: 0.9775 -- balanced_accuracy: 0.9775 -- auc: 0.9975 -- auc_roc: 0.9975 -- f1_score: 0.9775 -- precision: 0.9764 -- recall: 0.9787 -- time: 45.7950 -- domain_loss: 1.3598 -- domain_accuracy: 0.3180 
validation (Epoch 14) -- average_loss: 0.6599 -- label_loss: 0.5268 -- accuracy: 0.8480 -- balanced_accuracy: 0.8480 -- auc: 0.9325 -- auc_roc: 0.9325 -- f1_score: 0.8541 -- precision: 0.8210 -- recall: 0.8900 -- time: 2.2213 -- domain_loss: 1.3319 -- domain_accuracy: 0.3940 
train (Epoch 15) -- average_loss: 0.2175 -- label_loss: 0.0823 -- accuracy: 0.9707 -- balanced_accuracy: 0.9707 -- auc: 0.9954 -- auc_roc: 0.9954 -- f1_score: 0.9707 -- precision: 0.9707 -- recall: 0.9707 -- time: 45.8035 -- domain_loss: 1.3522 -- domain_accuracy: 0.3360 
validation (Epoch 15) -- average_loss: 0.7053 -- label_loss: 0.5712 -- accuracy: 0.8490 -- balanced_accuracy: 0.8490 -- auc: 0.9248 -- auc_roc: 0.9248 -- f1_score: 0.8409 -- precision: 0.8886 -- recall: 0.7980 -- time: 2.2262 -- domain_loss: 1.3405 -- domain_accuracy: 0.3480 
test -- average_loss: 0.7422 -- label_loss: 0.7422 -- accuracy: 0.7367 -- balanced_accuracy: 0.7367 -- auc: 0.8335 -- auc_roc: 0.8335 -- f1_score: 0.7127 -- precision: 0.7840 -- recall: 0.6533 -- time: 19.0955 
[baseline: train] {'FaceShifter': {'real': 0, 'fake': 750}, 'NeuralTextures': {'real': 0, 'fake': 750}, 'Original': {'real': 3000, 'fake': 0}, 'Face2Face': {'real': 0, 'fake': 750}, 'FaceSwap': {'real': 0, 'fake': 750}}
[baseline: val] {'Original': {'real': 500, 'fake': 0}, 'Face2Face': {'real': 0, 'fake': 125}, 'NeuralTextures': {'real': 0, 'fake': 125}, 'FaceSwap': {'real': 0, 'fake': 125}, 'FaceShifter': {'real': 0, 'fake': 125}}
[baseline: test] {'Original': {'real': 750, 'fake': 0}, 'Deepfakes': {'real': 0, 'fake': 750}}
train (Epoch 1) -- average_loss: 0.5924 -- label_loss: 0.5924 -- accuracy: 0.6790 -- balanced_accuracy: 0.6790 -- auc: 0.7460 -- auc_roc: 0.7460 -- f1_score: 0.6826 -- precision: 0.6750 -- recall: 0.6903 -- time: 57.8499 
validation (Epoch 1) -- average_loss: 0.6111 -- label_loss: 0.6111 -- accuracy: 0.7010 -- balanced_accuracy: 0.7010 -- auc: 0.7964 -- auc_roc: 0.7964 -- f1_score: 0.7481 -- precision: 0.6463 -- recall: 0.8880 -- time: 7.4080 
train (Epoch 2) -- average_loss: 0.4336 -- label_loss: 0.4336 -- accuracy: 0.7983 -- balanced_accuracy: 0.7983 -- auc: 0.8807 -- auc_roc: 0.8807 -- f1_score: 0.7978 -- precision: 0.7999 -- recall: 0.7957 -- time: 44.1438 
validation (Epoch 2) -- average_loss: 0.6316 -- label_loss: 0.6316 -- accuracy: 0.7390 -- balanced_accuracy: 0.7390 -- auc: 0.8757 -- auc_roc: 0.8757 -- f1_score: 0.7812 -- precision: 0.6724 -- recall: 0.9320 -- time: 2.0902 
train (Epoch 3) -- average_loss: 0.3560 -- label_loss: 0.3560 -- accuracy: 0.8457 -- balanced_accuracy: 0.8457 -- auc: 0.9219 -- auc_roc: 0.9219 -- f1_score: 0.8448 -- precision: 0.8496 -- recall: 0.8400 -- time: 44.0968 
validation (Epoch 3) -- average_loss: 0.4351 -- label_loss: 0.4351 -- accuracy: 0.7990 -- balanced_accuracy: 0.7990 -- auc: 0.8910 -- auc_roc: 0.8910 -- f1_score: 0.8050 -- precision: 0.7815 -- recall: 0.8300 -- time: 2.1099 
train (Epoch 4) -- average_loss: 0.2804 -- label_loss: 0.2804 -- accuracy: 0.8845 -- balanced_accuracy: 0.8845 -- auc: 0.9514 -- auc_roc: 0.9514 -- f1_score: 0.8837 -- precision: 0.8896 -- recall: 0.8780 -- time: 44.5722 
validation (Epoch 4) -- average_loss: 0.5005 -- label_loss: 0.5005 -- accuracy: 0.7790 -- balanced_accuracy: 0.7790 -- auc: 0.9054 -- auc_roc: 0.9054 -- f1_score: 0.8070 -- precision: 0.7163 -- recall: 0.9240 -- time: 2.0972 
train (Epoch 5) -- average_loss: 0.2304 -- label_loss: 0.2304 -- accuracy: 0.9053 -- balanced_accuracy: 0.9053 -- auc: 0.9671 -- auc_roc: 0.9671 -- f1_score: 0.9042 -- precision: 0.9156 -- recall: 0.8930 -- time: 44.5209 
validation (Epoch 5) -- average_loss: 0.4772 -- label_loss: 0.4772 -- accuracy: 0.8020 -- balanced_accuracy: 0.8020 -- auc: 0.8989 -- auc_roc: 0.8989 -- f1_score: 0.8156 -- precision: 0.7631 -- recall: 0.8760 -- time: 2.1082 
train (Epoch 6) -- average_loss: 0.2002 -- label_loss: 0.2002 -- accuracy: 0.9235 -- balanced_accuracy: 0.9235 -- auc: 0.9750 -- auc_roc: 0.9750 -- f1_score: 0.9231 -- precision: 0.9285 -- recall: 0.9177 -- time: 44.4922 
validation (Epoch 6) -- average_loss: 0.5326 -- label_loss: 0.5326 -- accuracy: 0.8000 -- balanced_accuracy: 0.8000 -- auc: 0.9208 -- auc_roc: 0.9208 -- f1_score: 0.8258 -- precision: 0.7315 -- recall: 0.9480 -- time: 2.1015 
train (Epoch 7) -- average_loss: 0.1566 -- label_loss: 0.1566 -- accuracy: 0.9383 -- balanced_accuracy: 0.9383 -- auc: 0.9846 -- auc_roc: 0.9846 -- f1_score: 0.9382 -- precision: 0.9401 -- recall: 0.9363 -- time: 44.4543 
validation (Epoch 7) -- average_loss: 0.5224 -- label_loss: 0.5224 -- accuracy: 0.8200 -- balanced_accuracy: 0.8200 -- auc: 0.9130 -- auc_roc: 0.9130 -- f1_score: 0.8043 -- precision: 0.8810 -- recall: 0.7400 -- time: 2.1153 
train (Epoch 8) -- average_loss: 0.1357 -- label_loss: 0.1357 -- accuracy: 0.9453 -- balanced_accuracy: 0.9453 -- auc: 0.9885 -- auc_roc: 0.9885 -- f1_score: 0.9450 -- precision: 0.9504 -- recall: 0.9397 -- time: 44.5416 
validation (Epoch 8) -- average_loss: 0.4349 -- label_loss: 0.4349 -- accuracy: 0.8400 -- balanced_accuracy: 0.8400 -- auc: 0.9216 -- auc_roc: 0.9216 -- f1_score: 0.8464 -- precision: 0.8137 -- recall: 0.8820 -- time: 2.1068 
train (Epoch 9) -- average_loss: 0.1370 -- label_loss: 0.1370 -- accuracy: 0.9483 -- balanced_accuracy: 0.9483 -- auc: 0.9882 -- auc_roc: 0.9882 -- f1_score: 0.9482 -- precision: 0.9510 -- recall: 0.9453 -- time: 44.6397 
validation (Epoch 9) -- average_loss: 0.7691 -- label_loss: 0.7691 -- accuracy: 0.7650 -- balanced_accuracy: 0.7650 -- auc: 0.9127 -- auc_roc: 0.9127 -- f1_score: 0.8014 -- precision: 0.6940 -- recall: 0.9480 -- time: 2.1222 
train (Epoch 10) -- average_loss: 0.1134 -- label_loss: 0.1134 -- accuracy: 0.9578 -- balanced_accuracy: 0.9578 -- auc: 0.9918 -- auc_roc: 0.9918 -- f1_score: 0.9577 -- precision: 0.9608 -- recall: 0.9547 -- time: 44.7133 
validation (Epoch 10) -- average_loss: 0.5271 -- label_loss: 0.5271 -- accuracy: 0.8350 -- balanced_accuracy: 0.8350 -- auc: 0.9054 -- auc_roc: 0.9054 -- f1_score: 0.8358 -- precision: 0.8317 -- recall: 0.8400 -- time: 2.1165 
train (Epoch 11) -- average_loss: 0.1015 -- label_loss: 0.1015 -- accuracy: 0.9625 -- balanced_accuracy: 0.9625 -- auc: 0.9934 -- auc_roc: 0.9934 -- f1_score: 0.9624 -- precision: 0.9642 -- recall: 0.9607 -- time: 44.6407 
validation (Epoch 11) -- average_loss: 0.5032 -- label_loss: 0.5032 -- accuracy: 0.8340 -- balanced_accuracy: 0.8340 -- auc: 0.9225 -- auc_roc: 0.9225 -- f1_score: 0.8376 -- precision: 0.8199 -- recall: 0.8560 -- time: 2.1128 
train (Epoch 12) -- average_loss: 0.0818 -- label_loss: 0.0818 -- accuracy: 0.9705 -- balanced_accuracy: 0.9705 -- auc: 0.9957 -- auc_roc: 0.9957 -- f1_score: 0.9706 -- precision: 0.9685 -- recall: 0.9727 -- time: 44.6796 
validation (Epoch 12) -- average_loss: 0.7434 -- label_loss: 0.7434 -- accuracy: 0.8100 -- balanced_accuracy: 0.8100 -- auc: 0.9073 -- auc_roc: 0.9073 -- f1_score: 0.7939 -- precision: 0.8673 -- recall: 0.7320 -- time: 2.1415 
train (Epoch 13) -- average_loss: 0.0831 -- label_loss: 0.0831 -- accuracy: 0.9687 -- balanced_accuracy: 0.9687 -- auc: 0.9956 -- auc_roc: 0.9956 -- f1_score: 0.9687 -- precision: 0.9665 -- recall: 0.9710 -- time: 44.6583 
validation (Epoch 13) -- average_loss: 0.5351 -- label_loss: 0.5351 -- accuracy: 0.8190 -- balanced_accuracy: 0.8190 -- auc: 0.9139 -- auc_roc: 0.9139 -- f1_score: 0.8288 -- precision: 0.7864 -- recall: 0.8760 -- time: 2.1530 
test -- average_loss: 0.8771 -- label_loss: 0.8771 -- accuracy: 0.6327 -- balanced_accuracy: 0.6327 -- auc: 0.7156 -- auc_roc: 0.7156 -- f1_score: 0.6033 -- precision: 0.6557 -- recall: 0.5587 -- time: 19.0698 
[dann_adaptation: source_train, per_domain: 750] {'Original': {'real': 3000, 'fake': 0}, 'FaceShifter': {'real': 0, 'fake': 750}, 'Face2Face': {'real': 0, 'fake': 750}, 'FaceSwap': {'real': 0, 'fake': 750}, 'NeuralTextures': {'real': 0, 'fake': 750}}
[dann_adaptation: target_train] {'Deepfakes': {'real': 0, 'fake': 3000}}
[dann_adaptation: val, per_domain: 125] {'FaceShifter': {'real': 0, 'fake': 125}, 'Original': {'real': 500, 'fake': 0}, 'NeuralTextures': {'real': 0, 'fake': 125}, 'FaceSwap': {'real': 0, 'fake': 125}, 'Face2Face': {'real': 0, 'fake': 125}}
[dann_adaptation: test] {'Original': {'real': 750, 'fake': 0}, 'Deepfakes': {'real': 0, 'fake': 750}}
/Users/mateuszsmigowski/Documents/magisterka/Dyplom/DANN/.venv/lib/python3.14/site-packages/umap/umap_.py:1952: UserWarning: n_jobs value 1 overridden to 1 by setting random_state. Use no seed for parallelism.
  warn(
train (Epoch 1) -- average_loss: 0.6648 -- label_loss: 0.5977 -- accuracy: 0.6665 -- balanced_accuracy: 0.6665 -- auc: 0.7373 -- auc_roc: 0.7373 -- f1_score: 0.6681 -- precision: 0.6649 -- recall: 0.6713 -- time: 113.4511 -- domain_loss: 0.6729 -- domain_accuracy: 0.5778 
Feature visualization saved to /Users/mateuszsmigowski/Documents/magisterka/Dyplom/DANN/config/runs/testing_dann_adaptation_resnet18_held-out-Deepfakes_seed-123_dann-main/seed-123/_20260526-002409/feature_visualization/epoch_1_train.png
/Users/mateuszsmigowski/Documents/magisterka/Dyplom/DANN/.venv/lib/python3.14/site-packages/umap/umap_.py:1952: UserWarning: n_jobs value 1 overridden to 1 by setting random_state. Use no seed for parallelism.
  warn(
/Users/mateuszsmigowski/Documents/magisterka/Dyplom/DANN/.venv/lib/python3.14/site-packages/umap/umap_.py:1952: UserWarning: n_jobs value 1 overridden to 1 by setting random_state. Use no seed for parallelism.
  warn(
/Users/mateuszsmigowski/Documents/magisterka/Dyplom/DANN/.venv/lib/python3.14/site-packages/umap/umap_.py:1952: UserWarning: n_jobs value 1 overridden to 1 by setting random_state. Use no seed for parallelism.
  warn(
validation (Epoch 1) -- average_loss: 0.7385 -- label_loss: 0.7385 -- accuracy: 0.6620 -- balanced_accuracy: 0.6620 -- auc: 0.8267 -- auc_roc: 0.8267 -- f1_score: 0.5144 -- precision: 0.9133 -- recall: 0.3580 -- time: 7.6202 
train (Epoch 2) -- average_loss: 0.4960 -- label_loss: 0.4383 -- accuracy: 0.7928 -- balanced_accuracy: 0.7928 -- auc: 0.8769 -- auc_roc: 0.8769 -- f1_score: 0.7927 -- precision: 0.7931 -- recall: 0.7923 -- time: 67.8453 -- domain_loss: 0.5813 -- domain_accuracy: 0.7018 
validation (Epoch 2) -- average_loss: 0.6201 -- label_loss: 0.6201 -- accuracy: 0.7150 -- balanced_accuracy: 0.7150 -- auc: 0.8480 -- auc_roc: 0.8480 -- f1_score: 0.7611 -- precision: 0.6551 -- recall: 0.9080 -- time: 2.1662 
train (Epoch 3) -- average_loss: 0.4034 -- label_loss: 0.3525 -- accuracy: 0.8498 -- balanced_accuracy: 0.8498 -- auc: 0.9234 -- auc_roc: 0.9234 -- f1_score: 0.8472 -- precision: 0.8623 -- recall: 0.8327 -- time: 69.1185 -- domain_loss: 0.5153 -- domain_accuracy: 0.7487 
validation (Epoch 3) -- average_loss: 0.4614 -- label_loss: 0.4614 -- accuracy: 0.8090 -- balanced_accuracy: 0.8090 -- auc: 0.8958 -- auc_roc: 0.8958 -- f1_score: 0.8080 -- precision: 0.8121 -- recall: 0.8040 -- time: 2.1344 
train (Epoch 4) -- average_loss: 0.3402 -- label_loss: 0.2933 -- accuracy: 0.8793 -- balanced_accuracy: 0.8793 -- auc: 0.9475 -- auc_roc: 0.9475 -- f1_score: 0.8793 -- precision: 0.8798 -- recall: 0.8787 -- time: 68.5494 -- domain_loss: 0.4769 -- domain_accuracy: 0.7808 
validation (Epoch 4) -- average_loss: 0.7075 -- label_loss: 0.7075 -- accuracy: 0.7820 -- balanced_accuracy: 0.7820 -- auc: 0.9028 -- auc_roc: 0.9028 -- f1_score: 0.7405 -- precision: 0.9147 -- recall: 0.6220 -- time: 2.1401 
train (Epoch 5) -- average_loss: 0.2781 -- label_loss: 0.2338 -- accuracy: 0.9070 -- balanced_accuracy: 0.9070 -- auc: 0.9665 -- auc_roc: 0.9665 -- f1_score: 0.9070 -- precision: 0.9070 -- recall: 0.9070 -- time: 69.0217 -- domain_loss: 0.4492 -- domain_accuracy: 0.7945 
validation (Epoch 5) -- average_loss: 0.4780 -- label_loss: 0.4780 -- accuracy: 0.8200 -- balanced_accuracy: 0.8200 -- auc: 0.9094 -- auc_roc: 0.9094 -- f1_score: 0.8125 -- precision: 0.8478 -- recall: 0.7800 -- time: 2.1264 
train (Epoch 6) -- average_loss: 0.2522 -- label_loss: 0.2061 -- accuracy: 0.9180 -- balanced_accuracy: 0.9180 -- auc: 0.9737 -- auc_roc: 0.9737 -- f1_score: 0.9178 -- precision: 0.9202 -- recall: 0.9153 -- time: 68.6183 -- domain_loss: 0.4658 -- domain_accuracy: 0.7825 
Feature visualization saved to /Users/mateuszsmigowski/Documents/magisterka/Dyplom/DANN/config/runs/testing_dann_adaptation_resnet18_held-out-Deepfakes_seed-123_dann-main/seed-123/_20260526-002409/feature_visualization/epoch_6_train.png
validation (Epoch 6) -- average_loss: 0.5096 -- label_loss: 0.5096 -- accuracy: 0.8260 -- balanced_accuracy: 0.8260 -- auc: 0.9133 -- auc_roc: 0.9133 -- f1_score: 0.8100 -- precision: 0.8918 -- recall: 0.7420 -- time: 2.1075 
train (Epoch 7) -- average_loss: 0.2125 -- label_loss: 0.1683 -- accuracy: 0.9352 -- balanced_accuracy: 0.9352 -- auc: 0.9825 -- auc_roc: 0.9825 -- f1_score: 0.9350 -- precision: 0.9376 -- recall: 0.9323 -- time: 70.2594 -- domain_loss: 0.4490 -- domain_accuracy: 0.7932 
validation (Epoch 7) -- average_loss: 0.6624 -- label_loss: 0.6624 -- accuracy: 0.8270 -- balanced_accuracy: 0.8270 -- auc: 0.9138 -- auc_roc: 0.9138 -- f1_score: 0.8240 -- precision: 0.8385 -- recall: 0.8100 -- time: 2.1099 
train (Epoch 8) -- average_loss: 0.2016 -- label_loss: 0.1546 -- accuracy: 0.9392 -- balanced_accuracy: 0.9392 -- auc: 0.9853 -- auc_roc: 0.9853 -- f1_score: 0.9389 -- precision: 0.9426 -- recall: 0.9353 -- time: 68.6172 -- domain_loss: 0.4754 -- domain_accuracy: 0.7707 
validation (Epoch 8) -- average_loss: 0.6502 -- label_loss: 0.6502 -- accuracy: 0.8180 -- balanced_accuracy: 0.8180 -- auc: 0.8941 -- auc_roc: 0.8941 -- f1_score: 0.8124 -- precision: 0.8383 -- recall: 0.7880 -- time: 2.1432 
train (Epoch 9) -- average_loss: 0.1655 -- label_loss: 0.1185 -- accuracy: 0.9578 -- balanced_accuracy: 0.9578 -- auc: 0.9910 -- auc_roc: 0.9910 -- f1_score: 0.9576 -- precision: 0.9639 -- recall: 0.9513 -- time: 68.5346 -- domain_loss: 0.4732 -- domain_accuracy: 0.7730 
validation (Epoch 9) -- average_loss: 0.6646 -- label_loss: 0.6646 -- accuracy: 0.8270 -- balanced_accuracy: 0.8270 -- auc: 0.9095 -- auc_roc: 0.9095 -- f1_score: 0.8332 -- precision: 0.8045 -- recall: 0.8640 -- time: 2.1541 
train (Epoch 10) -- average_loss: 0.1460 -- label_loss: 0.1004 -- accuracy: 0.9590 -- balanced_accuracy: 0.9590 -- auc: 0.9939 -- auc_roc: 0.9939 -- f1_score: 0.9591 -- precision: 0.9578 -- recall: 0.9603 -- time: 68.3841 -- domain_loss: 0.4635 -- domain_accuracy: 0.7823 
validation (Epoch 10) -- average_loss: 0.8493 -- label_loss: 0.8493 -- accuracy: 0.8080 -- balanced_accuracy: 0.8080 -- auc: 0.9174 -- auc_roc: 0.9174 -- f1_score: 0.8255 -- precision: 0.7567 -- recall: 0.9080 -- time: 2.1499 
train (Epoch 11) -- average_loss: 0.1559 -- label_loss: 0.1087 -- accuracy: 0.9580 -- balanced_accuracy: 0.9580 -- auc: 0.9926 -- auc_roc: 0.9926 -- f1_score: 0.9580 -- precision: 0.9580 -- recall: 0.9580 -- time: 68.6967 -- domain_loss: 0.4771 -- domain_accuracy: 0.7742 
Feature visualization saved to /Users/mateuszsmigowski/Documents/magisterka/Dyplom/DANN/config/runs/testing_dann_adaptation_resnet18_held-out-Deepfakes_seed-123_dann-main/seed-123/_20260526-002409/feature_visualization/epoch_11_train.png
validation (Epoch 11) -- average_loss: 0.5628 -- label_loss: 0.5628 -- accuracy: 0.8450 -- balanced_accuracy: 0.8450 -- auc: 0.9187 -- auc_roc: 0.9187 -- f1_score: 0.8485 -- precision: 0.8298 -- recall: 0.8680 -- time: 2.0955 
train (Epoch 12) -- average_loss: 0.1506 -- label_loss: 0.1036 -- accuracy: 0.9630 -- balanced_accuracy: 0.9630 -- auc: 0.9928 -- auc_roc: 0.9928 -- f1_score: 0.9629 -- precision: 0.9645 -- recall: 0.9613 -- time: 68.1648 -- domain_loss: 0.4771 -- domain_accuracy: 0.7753 
validation (Epoch 12) -- average_loss: 0.6802 -- label_loss: 0.6802 -- accuracy: 0.8400 -- balanced_accuracy: 0.8400 -- auc: 0.9272 -- auc_roc: 0.9272 -- f1_score: 0.8249 -- precision: 0.9106 -- recall: 0.7540 -- time: 2.1571 
train (Epoch 13) -- average_loss: 0.1408 -- label_loss: 0.0949 -- accuracy: 0.9667 -- balanced_accuracy: 0.9667 -- auc: 0.9941 -- auc_roc: 0.9941 -- f1_score: 0.9666 -- precision: 0.9682 -- recall: 0.9650 -- time: 68.6152 -- domain_loss: 0.4659 -- domain_accuracy: 0.7807 
validation (Epoch 13) -- average_loss: 0.6612 -- label_loss: 0.6612 -- accuracy: 0.8480 -- balanced_accuracy: 0.8480 -- auc: 0.9305 -- auc_roc: 0.9305 -- f1_score: 0.8348 -- precision: 0.9143 -- recall: 0.7680 -- time: 2.1463 
train (Epoch 14) -- average_loss: 0.1245 -- label_loss: 0.0807 -- accuracy: 0.9698 -- balanced_accuracy: 0.9698 -- auc: 0.9958 -- auc_roc: 0.9958 -- f1_score: 0.9698 -- precision: 0.9694 -- recall: 0.9703 -- time: 68.7494 -- domain_loss: 0.4446 -- domain_accuracy: 0.7982 
validation (Epoch 14) -- average_loss: 0.8909 -- label_loss: 0.8909 -- accuracy: 0.8380 -- balanced_accuracy: 0.8380 -- auc: 0.9318 -- auc_roc: 0.9318 -- f1_score: 0.8196 -- precision: 0.9246 -- recall: 0.7360 -- time: 2.1477 
train (Epoch 15) -- average_loss: 0.1317 -- label_loss: 0.0864 -- accuracy: 0.9673 -- balanced_accuracy: 0.9673 -- auc: 0.9952 -- auc_roc: 0.9952 -- f1_score: 0.9673 -- precision: 0.9676 -- recall: 0.9670 -- time: 68.5455 -- domain_loss: 0.4587 -- domain_accuracy: 0.7903 
validation (Epoch 15) -- average_loss: 0.6310 -- label_loss: 0.6310 -- accuracy: 0.8600 -- balanced_accuracy: 0.8600 -- auc: 0.9297 -- auc_roc: 0.9297 -- f1_score: 0.8643 -- precision: 0.8383 -- recall: 0.8920 -- time: 2.1520 
train (Epoch 16) -- average_loss: 0.1029 -- label_loss: 0.0595 -- accuracy: 0.9780 -- balanced_accuracy: 0.9780 -- auc: 0.9977 -- auc_roc: 0.9977 -- f1_score: 0.9780 -- precision: 0.9796 -- recall: 0.9763 -- time: 68.5682 -- domain_loss: 0.4420 -- domain_accuracy: 0.8040 
Feature visualization saved to /Users/mateuszsmigowski/Documents/magisterka/Dyplom/DANN/config/runs/testing_dann_adaptation_resnet18_held-out-Deepfakes_seed-123_dann-main/seed-123/_20260526-002409/feature_visualization/epoch_16_train.png
validation (Epoch 16) -- average_loss: 0.7968 -- label_loss: 0.7968 -- accuracy: 0.8440 -- balanced_accuracy: 0.8440 -- auc: 0.9215 -- auc_roc: 0.9215 -- f1_score: 0.8455 -- precision: 0.8373 -- recall: 0.8540 -- time: 2.0995 
train (Epoch 17) -- average_loss: 0.1171 -- label_loss: 0.0719 -- accuracy: 0.9727 -- balanced_accuracy: 0.9727 -- auc: 0.9967 -- auc_roc: 0.9967 -- f1_score: 0.9727 -- precision: 0.9730 -- recall: 0.9723 -- time: 68.2136 -- domain_loss: 0.4561 -- domain_accuracy: 0.7858 
validation (Epoch 17) -- average_loss: 0.7139 -- label_loss: 0.7139 -- accuracy: 0.8330 -- balanced_accuracy: 0.8330 -- auc: 0.9229 -- auc_roc: 0.9229 -- f1_score: 0.8414 -- precision: 0.8011 -- recall: 0.8860 -- time: 2.1504 
train (Epoch 18) -- average_loss: 0.1084 -- label_loss: 0.0642 -- accuracy: 0.9785 -- balanced_accuracy: 0.9785 -- auc: 0.9971 -- auc_roc: 0.9971 -- f1_score: 0.9785 -- precision: 0.9780 -- recall: 0.9790 -- time: 68.3629 -- domain_loss: 0.4493 -- domain_accuracy: 0.7992 
validation (Epoch 18) -- average_loss: 0.5554 -- label_loss: 0.5554 -- accuracy: 0.8430 -- balanced_accuracy: 0.8430 -- auc: 0.9286 -- auc_roc: 0.9286 -- f1_score: 0.8471 -- precision: 0.8254 -- recall: 0.8700 -- time: 2.1508 
train (Epoch 19) -- average_loss: 0.1112 -- label_loss: 0.0661 -- accuracy: 0.9770 -- balanced_accuracy: 0.9770 -- auc: 0.9972 -- auc_roc: 0.9972 -- f1_score: 0.9770 -- precision: 0.9767 -- recall: 0.9773 -- time: 68.4039 -- domain_loss: 0.4561 -- domain_accuracy: 0.7905 
validation (Epoch 19) -- average_loss: 0.6718 -- label_loss: 0.6718 -- accuracy: 0.8540 -- balanced_accuracy: 0.8540 -- auc: 0.9296 -- auc_roc: 0.9296 -- f1_score: 0.8479 -- precision: 0.8848 -- recall: 0.8140 -- time: 2.1439 
train (Epoch 20) -- average_loss: 0.0961 -- label_loss: 0.0513 -- accuracy: 0.9805 -- balanced_accuracy: 0.9805 -- auc: 0.9982 -- auc_roc: 0.9982 -- f1_score: 0.9805 -- precision: 0.9784 -- recall: 0.9827 -- time: 68.4133 -- domain_loss: 0.4555 -- domain_accuracy: 0.7865 
validation (Epoch 20) -- average_loss: 0.7487 -- label_loss: 0.7487 -- accuracy: 0.8360 -- balanced_accuracy: 0.8360 -- auc: 0.9247 -- auc_roc: 0.9247 -- f1_score: 0.8248 -- precision: 0.8853 -- recall: 0.7720 -- time: 2.1513 
test -- average_loss: 1.0825 -- label_loss: 1.0825 -- accuracy: 0.7133 -- balanced_accuracy: 0.7133 -- auc: 0.8058 -- auc_roc: 0.8058 -- f1_score: 0.6920 -- precision: 0.7477 -- recall: 0.6440 -- time: 20.2667 
[baseline: train] {'FaceShifter': {'real': 0, 'fake': 750}, 'Original': {'real': 3000, 'fake': 0}, 'Face2Face': {'real': 0, 'fake': 750}, 'FaceSwap': {'real': 0, 'fake': 750}, 'NeuralTextures': {'real': 0, 'fake': 750}}
[baseline: val] {'Original': {'real': 500, 'fake': 0}, 'Face2Face': {'real': 0, 'fake': 125}, 'NeuralTextures': {'real': 0, 'fake': 125}, 'FaceShifter': {'real': 0, 'fake': 125}, 'FaceSwap': {'real': 0, 'fake': 125}}
[baseline: test] {'Deepfakes': {'real': 0, 'fake': 750}, 'Original': {'real': 750, 'fake': 0}}
train (Epoch 1) -- average_loss: 0.6090 -- label_loss: 0.6090 -- accuracy: 0.6575 -- balanced_accuracy: 0.6575 -- auc: 0.7259 -- auc_roc: 0.7259 -- f1_score: 0.6608 -- precision: 0.6545 -- recall: 0.6673 -- time: 60.1391 
validation (Epoch 1) -- average_loss: 0.6553 -- label_loss: 0.6553 -- accuracy: 0.6520 -- balanced_accuracy: 0.6520 -- auc: 0.7860 -- auc_roc: 0.7860 -- f1_score: 0.7225 -- precision: 0.6008 -- recall: 0.9060 -- time: 8.1477 
train (Epoch 2) -- average_loss: 0.4613 -- label_loss: 0.4613 -- accuracy: 0.7833 -- balanced_accuracy: 0.7833 -- auc: 0.8626 -- auc_roc: 0.8626 -- f1_score: 0.7788 -- precision: 0.7955 -- recall: 0.7627 -- time: 44.4231 
validation (Epoch 2) -- average_loss: 0.4700 -- label_loss: 0.4700 -- accuracy: 0.7800 -- balanced_accuracy: 0.7800 -- auc: 0.8590 -- auc_roc: 0.8590 -- f1_score: 0.7718 -- precision: 0.8017 -- recall: 0.7440 -- time: 2.0724 
train (Epoch 3) -- average_loss: 0.3661 -- label_loss: 0.3661 -- accuracy: 0.8350 -- balanced_accuracy: 0.8350 -- auc: 0.9164 -- auc_roc: 0.9164 -- f1_score: 0.8343 -- precision: 0.8379 -- recall: 0.8307 -- time: 43.9160 
validation (Epoch 3) -- average_loss: 0.6432 -- label_loss: 0.6432 -- accuracy: 0.7200 -- balanced_accuracy: 0.7200 -- auc: 0.8569 -- auc_roc: 0.8569 -- f1_score: 0.6325 -- precision: 0.9198 -- recall: 0.4820 -- time: 2.0673 
train (Epoch 4) -- average_loss: 0.2801 -- label_loss: 0.2801 -- accuracy: 0.8807 -- balanced_accuracy: 0.8807 -- auc: 0.9519 -- auc_roc: 0.9519 -- f1_score: 0.8801 -- precision: 0.8840 -- recall: 0.8763 -- time: 43.9750 
validation (Epoch 4) -- average_loss: 0.4068 -- label_loss: 0.4068 -- accuracy: 0.8110 -- balanced_accuracy: 0.8110 -- auc: 0.8989 -- auc_roc: 0.8989 -- f1_score: 0.8062 -- precision: 0.8274 -- recall: 0.7860 -- time: 2.0961 
train (Epoch 5) -- average_loss: 0.2470 -- label_loss: 0.2470 -- accuracy: 0.9012 -- balanced_accuracy: 0.9012 -- auc: 0.9625 -- auc_roc: 0.9625 -- f1_score: 0.9006 -- precision: 0.9056 -- recall: 0.8957 -- time: 43.9354 
validation (Epoch 5) -- average_loss: 0.4179 -- label_loss: 0.4179 -- accuracy: 0.8280 -- balanced_accuracy: 0.8280 -- auc: 0.9082 -- auc_roc: 0.9082 -- f1_score: 0.8304 -- precision: 0.8191 -- recall: 0.8420 -- time: 2.0692 
train (Epoch 6) -- average_loss: 0.1862 -- label_loss: 0.1862 -- accuracy: 0.9265 -- balanced_accuracy: 0.9265 -- auc: 0.9788 -- auc_roc: 0.9788 -- f1_score: 0.9262 -- precision: 0.9295 -- recall: 0.9230 -- time: 43.9033 
validation (Epoch 6) -- average_loss: 0.4640 -- label_loss: 0.4640 -- accuracy: 0.8280 -- balanced_accuracy: 0.8280 -- auc: 0.9031 -- auc_roc: 0.9031 -- f1_score: 0.8263 -- precision: 0.8347 -- recall: 0.8180 -- time: 2.0668 
train (Epoch 7) -- average_loss: 0.1611 -- label_loss: 0.1611 -- accuracy: 0.9382 -- balanced_accuracy: 0.9382 -- auc: 0.9837 -- auc_roc: 0.9837 -- f1_score: 0.9377 -- precision: 0.9445 -- recall: 0.9310 -- time: 44.0004 
validation (Epoch 7) -- average_loss: 0.4525 -- label_loss: 0.4525 -- accuracy: 0.8310 -- balanced_accuracy: 0.8310 -- auc: 0.9129 -- auc_roc: 0.9129 -- f1_score: 0.8295 -- precision: 0.8371 -- recall: 0.8220 -- time: 2.0891 
train (Epoch 8) -- average_loss: 0.1571 -- label_loss: 0.1571 -- accuracy: 0.9382 -- balanced_accuracy: 0.9382 -- auc: 0.9848 -- auc_roc: 0.9848 -- f1_score: 0.9383 -- precision: 0.9360 -- recall: 0.9407 -- time: 44.0840 
validation (Epoch 8) -- average_loss: 0.7312 -- label_loss: 0.7312 -- accuracy: 0.7540 -- balanced_accuracy: 0.7540 -- auc: 0.8922 -- auc_roc: 0.8922 -- f1_score: 0.7919 -- precision: 0.6862 -- recall: 0.9360 -- time: 2.1133 
train (Epoch 9) -- average_loss: 0.1100 -- label_loss: 0.1100 -- accuracy: 0.9607 -- balanced_accuracy: 0.9607 -- auc: 0.9923 -- auc_roc: 0.9923 -- f1_score: 0.9606 -- precision: 0.9616 -- recall: 0.9597 -- time: 44.1893 
validation (Epoch 9) -- average_loss: 0.6591 -- label_loss: 0.6591 -- accuracy: 0.8110 -- balanced_accuracy: 0.8110 -- auc: 0.8930 -- auc_roc: 0.8930 -- f1_score: 0.8255 -- precision: 0.7667 -- recall: 0.8940 -- time: 2.0927 
train (Epoch 10) -- average_loss: 0.1088 -- label_loss: 0.1088 -- accuracy: 0.9570 -- balanced_accuracy: 0.9570 -- auc: 0.9926 -- auc_roc: 0.9926 -- f1_score: 0.9569 -- precision: 0.9585 -- recall: 0.9553 -- time: 44.3566 
validation (Epoch 10) -- average_loss: 0.4786 -- label_loss: 0.4786 -- accuracy: 0.8340 -- balanced_accuracy: 0.8340 -- auc: 0.9169 -- auc_roc: 0.9169 -- f1_score: 0.8310 -- precision: 0.8465 -- recall: 0.8160 -- time: 2.0986 
train (Epoch 11) -- average_loss: 0.0945 -- label_loss: 0.0945 -- accuracy: 0.9650 -- balanced_accuracy: 0.9650 -- auc: 0.9942 -- auc_roc: 0.9942 -- f1_score: 0.9649 -- precision: 0.9666 -- recall: 0.9633 -- time: 44.4221 
validation (Epoch 11) -- average_loss: 0.7096 -- label_loss: 0.7096 -- accuracy: 0.7950 -- balanced_accuracy: 0.7950 -- auc: 0.9107 -- auc_roc: 0.9107 -- f1_score: 0.8171 -- precision: 0.7375 -- recall: 0.9160 -- time: 2.0939 
train (Epoch 12) -- average_loss: 0.0837 -- label_loss: 0.0837 -- accuracy: 0.9695 -- balanced_accuracy: 0.9695 -- auc: 0.9955 -- auc_roc: 0.9955 -- f1_score: 0.9695 -- precision: 0.9697 -- recall: 0.9693 -- time: 44.3885 
validation (Epoch 12) -- average_loss: 0.6192 -- label_loss: 0.6192 -- accuracy: 0.8210 -- balanced_accuracy: 0.8210 -- auc: 0.9169 -- auc_roc: 0.9169 -- f1_score: 0.8026 -- precision: 0.8943 -- recall: 0.7280 -- time: 2.0980 
train (Epoch 13) -- average_loss: 0.0743 -- label_loss: 0.0743 -- accuracy: 0.9720 -- balanced_accuracy: 0.9720 -- auc: 0.9964 -- auc_roc: 0.9964 -- f1_score: 0.9720 -- precision: 0.9723 -- recall: 0.9717 -- time: 44.4408 
validation (Epoch 13) -- average_loss: 0.6059 -- label_loss: 0.6059 -- accuracy: 0.8310 -- balanced_accuracy: 0.8310 -- auc: 0.9175 -- auc_roc: 0.9175 -- f1_score: 0.8428 -- precision: 0.7878 -- recall: 0.9060 -- time: 2.1063 
train (Epoch 14) -- average_loss: 0.0718 -- label_loss: 0.0718 -- accuracy: 0.9753 -- balanced_accuracy: 0.9753 -- auc: 0.9965 -- auc_roc: 0.9965 -- f1_score: 0.9753 -- precision: 0.9747 -- recall: 0.9760 -- time: 44.5943 
validation (Epoch 14) -- average_loss: 0.7491 -- label_loss: 0.7491 -- accuracy: 0.7960 -- balanced_accuracy: 0.7960 -- auc: 0.9097 -- auc_roc: 0.9097 -- f1_score: 0.8172 -- precision: 0.7403 -- recall: 0.9120 -- time: 2.1081 
train (Epoch 15) -- average_loss: 0.0679 -- label_loss: 0.0679 -- accuracy: 0.9748 -- balanced_accuracy: 0.9748 -- auc: 0.9971 -- auc_roc: 0.9971 -- f1_score: 0.9748 -- precision: 0.9772 -- recall: 0.9723 -- time: 44.5929 
validation (Epoch 15) -- average_loss: 0.7531 -- label_loss: 0.7531 -- accuracy: 0.7920 -- balanced_accuracy: 0.7920 -- auc: 0.9150 -- auc_roc: 0.9150 -- f1_score: 0.8133 -- precision: 0.7378 -- recall: 0.9060 -- time: 2.1107 
test -- average_loss: 0.8987 -- label_loss: 0.8987 -- accuracy: 0.7000 -- balanced_accuracy: 0.7000 -- auc: 0.8066 -- auc_roc: 0.8066 -- f1_score: 0.6490 -- precision: 0.7820 -- recall: 0.5547 -- time: 19.6501 
[dann_adaptation: source_train, per_domain: 750] {'FaceShifter': {'real': 0, 'fake': 750}, 'NeuralTextures': {'real': 0, 'fake': 750}, 'Original': {'real': 3000, 'fake': 0}, 'FaceSwap': {'real': 0, 'fake': 750}, 'Face2Face': {'real': 0, 'fake': 750}}
[dann_adaptation: target_train] {'Deepfakes': {'real': 0, 'fake': 3000}}
[dann_adaptation: val, per_domain: 125] {'FaceSwap': {'real': 0, 'fake': 125}, 'Original': {'real': 500, 'fake': 0}, 'FaceShifter': {'real': 0, 'fake': 125}, 'Face2Face': {'real': 0, 'fake': 125}, 'NeuralTextures': {'real': 0, 'fake': 125}}
[dann_adaptation: test] {'Deepfakes': {'real': 0, 'fake': 750}, 'Original': {'real': 750, 'fake': 0}}
/Users/mateuszsmigowski/Documents/magisterka/Dyplom/DANN/.venv/lib/python3.14/site-packages/umap/umap_.py:1952: UserWarning: n_jobs value 1 overridden to 1 by setting random_state. Use no seed for parallelism.
  warn(
train (Epoch 1) -- average_loss: 0.6627 -- label_loss: 0.5955 -- accuracy: 0.6700 -- balanced_accuracy: 0.6700 -- auc: 0.7408 -- auc_roc: 0.7408 -- f1_score: 0.6682 -- precision: 0.6718 -- recall: 0.6647 -- time: 95.4945 -- domain_loss: 0.6733 -- domain_accuracy: 0.5757 
Feature visualization saved to /Users/mateuszsmigowski/Documents/magisterka/Dyplom/DANN/config/runs/testing_dann_adaptation_resnet18_held-out-Deepfakes_seed-948_dann-main/seed-948/_20260526-010409/feature_visualization/epoch_1_train.png
/Users/mateuszsmigowski/Documents/magisterka/Dyplom/DANN/.venv/lib/python3.14/site-packages/umap/umap_.py:1952: UserWarning: n_jobs value 1 overridden to 1 by setting random_state. Use no seed for parallelism.
  warn(
validation (Epoch 1) -- average_loss: 0.5673 -- label_loss: 0.5673 -- accuracy: 0.7130 -- balanced_accuracy: 0.7130 -- auc: 0.8390 -- auc_roc: 0.8390 -- f1_score: 0.7562 -- precision: 0.6573 -- recall: 0.8900 -- time: 7.5250 
train (Epoch 2) -- average_loss: 0.5192 -- label_loss: 0.4573 -- accuracy: 0.7862 -- balanced_accuracy: 0.7862 -- auc: 0.8665 -- auc_roc: 0.8665 -- f1_score: 0.7851 -- precision: 0.7892 -- recall: 0.7810 -- time: 66.2836 -- domain_loss: 0.6219 -- domain_accuracy: 0.6660 
validation (Epoch 2) -- average_loss: 0.4050 -- label_loss: 0.4050 -- accuracy: 0.8320 -- balanced_accuracy: 0.8320 -- auc: 0.9051 -- auc_roc: 0.9051 -- f1_score: 0.8194 -- precision: 0.8860 -- recall: 0.7620 -- time: 2.1066 
train (Epoch 3) -- average_loss: 0.4285 -- label_loss: 0.3709 -- accuracy: 0.8367 -- balanced_accuracy: 0.8367 -- auc: 0.9142 -- auc_roc: 0.9142 -- f1_score: 0.8349 -- precision: 0.8442 -- recall: 0.8257 -- time: 67.9245 -- domain_loss: 0.5822 -- domain_accuracy: 0.6930 
validation (Epoch 3) -- average_loss: 0.4183 -- label_loss: 0.4183 -- accuracy: 0.8190 -- balanced_accuracy: 0.8190 -- auc: 0.9079 -- auc_roc: 0.9079 -- f1_score: 0.8281 -- precision: 0.7884 -- recall: 0.8720 -- time: 2.1457 
train (Epoch 4) -- average_loss: 0.3404 -- label_loss: 0.2859 -- accuracy: 0.8853 -- balanced_accuracy: 0.8853 -- auc: 0.9498 -- auc_roc: 0.9498 -- f1_score: 0.8841 -- precision: 0.8937 -- recall: 0.8747 -- time: 68.6101 -- domain_loss: 0.5519 -- domain_accuracy: 0.7245 
validation (Epoch 4) -- average_loss: 0.4211 -- label_loss: 0.4211 -- accuracy: 0.8230 -- balanced_accuracy: 0.8230 -- auc: 0.9208 -- auc_roc: 0.9208 -- f1_score: 0.8325 -- precision: 0.7899 -- recall: 0.8800 -- time: 2.1639 
train (Epoch 5) -- average_loss: 0.2899 -- label_loss: 0.2384 -- accuracy: 0.9002 -- balanced_accuracy: 0.9002 -- auc: 0.9650 -- auc_roc: 0.9650 -- f1_score: 0.8999 -- precision: 0.9024 -- recall: 0.8973 -- time: 68.6668 -- domain_loss: 0.5199 -- domain_accuracy: 0.7468 
validation (Epoch 5) -- average_loss: 0.7631 -- label_loss: 0.7631 -- accuracy: 0.7710 -- balanced_accuracy: 0.7710 -- auc: 0.8861 -- auc_roc: 0.8861 -- f1_score: 0.8010 -- precision: 0.7081 -- recall: 0.9220 -- time: 2.1524 
train (Epoch 6) -- average_loss: 0.2512 -- label_loss: 0.2020 -- accuracy: 0.9193 -- balanced_accuracy: 0.9193 -- auc: 0.9751 -- auc_roc: 0.9751 -- f1_score: 0.9195 -- precision: 0.9179 -- recall: 0.9210 -- time: 68.5994 -- domain_loss: 0.4983 -- domain_accuracy: 0.7558 
Feature visualization saved to /Users/mateuszsmigowski/Documents/magisterka/Dyplom/DANN/config/runs/testing_dann_adaptation_resnet18_held-out-Deepfakes_seed-948_dann-main/seed-948/_20260526-010409/feature_visualization/epoch_6_train.png
validation (Epoch 6) -- average_loss: 0.6348 -- label_loss: 0.6348 -- accuracy: 0.7950 -- balanced_accuracy: 0.7950 -- auc: 0.9097 -- auc_roc: 0.9097 -- f1_score: 0.8181 -- precision: 0.7352 -- recall: 0.9220 -- time: 2.1157 
train (Epoch 7) -- average_loss: 0.2095 -- label_loss: 0.1616 -- accuracy: 0.9367 -- balanced_accuracy: 0.9367 -- auc: 0.9840 -- auc_roc: 0.9840 -- f1_score: 0.9367 -- precision: 0.9364 -- recall: 0.9370 -- time: 68.0343 -- domain_loss: 0.4848 -- domain_accuracy: 0.7622 
validation (Epoch 7) -- average_loss: 0.8520 -- label_loss: 0.8520 -- accuracy: 0.7880 -- balanced_accuracy: 0.7880 -- auc: 0.9109 -- auc_roc: 0.9109 -- f1_score: 0.8134 -- precision: 0.7264 -- recall: 0.9240 -- time: 2.1444 
test -- average_loss: 0.6289 -- label_loss: 0.6289 -- accuracy: 0.6980 -- balanced_accuracy: 0.6980 -- auc: 0.8186 -- auc_roc: 0.8186 -- f1_score: 0.6284 -- precision: 0.8166 -- recall: 0.5107 -- time: 19.7215 
[baseline: train] {'Original': {'real': 3000, 'fake': 0}, 'FaceSwap': {'real': 0, 'fake': 750}, 'Face2Face': {'real': 0, 'fake': 750}, 'NeuralTextures': {'real': 0, 'fake': 750}, 'FaceShifter': {'real': 0, 'fake': 750}}
[baseline: val] {'Original': {'real': 500, 'fake': 0}, 'FaceSwap': {'real': 0, 'fake': 125}, 'NeuralTextures': {'real': 0, 'fake': 125}, 'Face2Face': {'real': 0, 'fake': 125}, 'FaceShifter': {'real': 0, 'fake': 125}}
[baseline: test] {'Deepfakes': {'real': 0, 'fake': 750}, 'Original': {'real': 750, 'fake': 0}}
train (Epoch 1) -- average_loss: 0.6118 -- label_loss: 0.6118 -- accuracy: 0.6565 -- balanced_accuracy: 0.6565 -- auc: 0.7228 -- auc_roc: 0.7228 -- f1_score: 0.6562 -- precision: 0.6568 -- recall: 0.6557 -- time: 58.7991 
validation (Epoch 1) -- average_loss: 0.5360 -- label_loss: 0.5360 -- accuracy: 0.7200 -- balanced_accuracy: 0.7200 -- auc: 0.8142 -- auc_roc: 0.8142 -- f1_score: 0.7407 -- precision: 0.6897 -- recall: 0.8000 -- time: 7.6211 
train (Epoch 2) -- average_loss: 0.4573 -- label_loss: 0.4573 -- accuracy: 0.7872 -- balanced_accuracy: 0.7872 -- auc: 0.8664 -- auc_roc: 0.8664 -- f1_score: 0.7869 -- precision: 0.7878 -- recall: 0.7860 -- time: 43.5311 
validation (Epoch 2) -- average_loss: 0.4508 -- label_loss: 0.4508 -- accuracy: 0.7900 -- balanced_accuracy: 0.7900 -- auc: 0.8707 -- auc_roc: 0.8707 -- f1_score: 0.7913 -- precision: 0.7866 -- recall: 0.7960 -- time: 2.0976 
train (Epoch 3) -- average_loss: 0.3549 -- label_loss: 0.3549 -- accuracy: 0.8467 -- balanced_accuracy: 0.8467 -- auc: 0.9223 -- auc_roc: 0.9223 -- f1_score: 0.8463 -- precision: 0.8483 -- recall: 0.8443 -- time: 44.3996 
validation (Epoch 3) -- average_loss: 0.6935 -- label_loss: 0.6935 -- accuracy: 0.6960 -- balanced_accuracy: 0.6960 -- auc: 0.8687 -- auc_roc: 0.8687 -- f1_score: 0.7520 -- precision: 0.6350 -- recall: 0.9220 -- time: 2.1420 
train (Epoch 4) -- average_loss: 0.2866 -- label_loss: 0.2866 -- accuracy: 0.8825 -- balanced_accuracy: 0.8825 -- auc: 0.9496 -- auc_roc: 0.9496 -- f1_score: 0.8820 -- precision: 0.8857 -- recall: 0.8783 -- time: 44.7139 
validation (Epoch 4) -- average_loss: 0.4379 -- label_loss: 0.4379 -- accuracy: 0.8070 -- balanced_accuracy: 0.8070 -- auc: 0.9031 -- auc_roc: 0.9031 -- f1_score: 0.7900 -- precision: 0.8663 -- recall: 0.7260 -- time: 2.1343 
train (Epoch 5) -- average_loss: 0.2320 -- label_loss: 0.2320 -- accuracy: 0.9075 -- balanced_accuracy: 0.9075 -- auc: 0.9668 -- auc_roc: 0.9668 -- f1_score: 0.9068 -- precision: 0.9140 -- recall: 0.8997 -- time: 44.7087 
validation (Epoch 5) -- average_loss: 0.3828 -- label_loss: 0.3828 -- accuracy: 0.8350 -- balanced_accuracy: 0.8350 -- auc: 0.9230 -- auc_roc: 0.9230 -- f1_score: 0.8352 -- precision: 0.8343 -- recall: 0.8360 -- time: 2.1337 
train (Epoch 6) -- average_loss: 0.1932 -- label_loss: 0.1932 -- accuracy: 0.9233 -- balanced_accuracy: 0.9233 -- auc: 0.9769 -- auc_roc: 0.9769 -- f1_score: 0.9235 -- precision: 0.9214 -- recall: 0.9257 -- time: 44.9873 
validation (Epoch 6) -- average_loss: 0.4462 -- label_loss: 0.4462 -- accuracy: 0.8230 -- balanced_accuracy: 0.8230 -- auc: 0.9086 -- auc_roc: 0.9086 -- f1_score: 0.8119 -- precision: 0.8662 -- recall: 0.7640 -- time: 2.1643 
train (Epoch 7) -- average_loss: 0.1616 -- label_loss: 0.1616 -- accuracy: 0.9362 -- balanced_accuracy: 0.9362 -- auc: 0.9839 -- auc_roc: 0.9839 -- f1_score: 0.9360 -- precision: 0.9378 -- recall: 0.9343 -- time: 44.8630 
validation (Epoch 7) -- average_loss: 0.4272 -- label_loss: 0.4272 -- accuracy: 0.8420 -- balanced_accuracy: 0.8420 -- auc: 0.9175 -- auc_roc: 0.9175 -- f1_score: 0.8426 -- precision: 0.8393 -- recall: 0.8460 -- time: 2.1720 
train (Epoch 8) -- average_loss: 0.1455 -- label_loss: 0.1455 -- accuracy: 0.9470 -- balanced_accuracy: 0.9470 -- auc: 0.9866 -- auc_roc: 0.9866 -- f1_score: 0.9468 -- precision: 0.9509 -- recall: 0.9427 -- time: 44.7870 
validation (Epoch 8) -- average_loss: 0.6569 -- label_loss: 0.6569 -- accuracy: 0.7810 -- balanced_accuracy: 0.7810 -- auc: 0.9012 -- auc_roc: 0.9012 -- f1_score: 0.8046 -- precision: 0.7262 -- recall: 0.9020 -- time: 2.1631 
train (Epoch 9) -- average_loss: 0.1244 -- label_loss: 0.1244 -- accuracy: 0.9520 -- balanced_accuracy: 0.9520 -- auc: 0.9901 -- auc_roc: 0.9901 -- f1_score: 0.9519 -- precision: 0.9547 -- recall: 0.9490 -- time: 44.7803 
validation (Epoch 9) -- average_loss: 0.4768 -- label_loss: 0.4768 -- accuracy: 0.8430 -- balanced_accuracy: 0.8430 -- auc: 0.9204 -- auc_roc: 0.9204 -- f1_score: 0.8422 -- precision: 0.8465 -- recall: 0.8380 -- time: 2.1392 
train (Epoch 10) -- average_loss: 0.1105 -- label_loss: 0.1105 -- accuracy: 0.9567 -- balanced_accuracy: 0.9567 -- auc: 0.9924 -- auc_roc: 0.9924 -- f1_score: 0.9567 -- precision: 0.9561 -- recall: 0.9573 -- time: 44.7155 
validation (Epoch 10) -- average_loss: 1.0488 -- label_loss: 1.0488 -- accuracy: 0.7310 -- balanced_accuracy: 0.7310 -- auc: 0.9091 -- auc_roc: 0.9091 -- f1_score: 0.7811 -- precision: 0.6584 -- recall: 0.9600 -- time: 2.1644 
train (Epoch 11) -- average_loss: 0.0979 -- label_loss: 0.0979 -- accuracy: 0.9647 -- balanced_accuracy: 0.9647 -- auc: 0.9939 -- auc_roc: 0.9939 -- f1_score: 0.9646 -- precision: 0.9668 -- recall: 0.9623 -- time: 44.7504 
validation (Epoch 11) -- average_loss: 0.5230 -- label_loss: 0.5230 -- accuracy: 0.8360 -- balanced_accuracy: 0.8360 -- auc: 0.9233 -- auc_roc: 0.9233 -- f1_score: 0.8429 -- precision: 0.8088 -- recall: 0.8800 -- time: 2.1594 
train (Epoch 12) -- average_loss: 0.0842 -- label_loss: 0.0842 -- accuracy: 0.9682 -- balanced_accuracy: 0.9682 -- auc: 0.9953 -- auc_roc: 0.9953 -- f1_score: 0.9682 -- precision: 0.9686 -- recall: 0.9677 -- time: 44.8001 
validation (Epoch 12) -- average_loss: 0.5668 -- label_loss: 0.5668 -- accuracy: 0.8450 -- balanced_accuracy: 0.8450 -- auc: 0.9255 -- auc_roc: 0.9255 -- f1_score: 0.8332 -- precision: 0.9021 -- recall: 0.7740 -- time: 2.1457 
train (Epoch 13) -- average_loss: 0.0906 -- label_loss: 0.0906 -- accuracy: 0.9655 -- balanced_accuracy: 0.9655 -- auc: 0.9948 -- auc_roc: 0.9948 -- f1_score: 0.9655 -- precision: 0.9653 -- recall: 0.9657 -- time: 44.8065 
validation (Epoch 13) -- average_loss: 0.5014 -- label_loss: 0.5014 -- accuracy: 0.8440 -- balanced_accuracy: 0.8440 -- auc: 0.9185 -- auc_roc: 0.9185 -- f1_score: 0.8372 -- precision: 0.8755 -- recall: 0.8020 -- time: 2.1558 
train (Epoch 14) -- average_loss: 0.0702 -- label_loss: 0.0702 -- accuracy: 0.9722 -- balanced_accuracy: 0.9722 -- auc: 0.9969 -- auc_roc: 0.9969 -- f1_score: 0.9721 -- precision: 0.9742 -- recall: 0.9700 -- time: 44.7593 
validation (Epoch 14) -- average_loss: 1.1677 -- label_loss: 1.1677 -- accuracy: 0.7930 -- balanced_accuracy: 0.7930 -- auc: 0.9238 -- auc_roc: 0.9238 -- f1_score: 0.7435 -- precision: 0.9772 -- recall: 0.6000 -- time: 2.1590 
train (Epoch 15) -- average_loss: 0.0717 -- label_loss: 0.0717 -- accuracy: 0.9725 -- balanced_accuracy: 0.9725 -- auc: 0.9966 -- auc_roc: 0.9966 -- f1_score: 0.9725 -- precision: 0.9730 -- recall: 0.9720 -- time: 44.7513 
validation (Epoch 15) -- average_loss: 0.7282 -- label_loss: 0.7282 -- accuracy: 0.8100 -- balanced_accuracy: 0.8100 -- auc: 0.9086 -- auc_roc: 0.9086 -- f1_score: 0.7875 -- precision: 0.8934 -- recall: 0.7040 -- time: 2.1359 
train (Epoch 16) -- average_loss: 0.0585 -- label_loss: 0.0585 -- accuracy: 0.9783 -- balanced_accuracy: 0.9783 -- auc: 0.9978 -- auc_roc: 0.9978 -- f1_score: 0.9783 -- precision: 0.9780 -- recall: 0.9787 -- time: 44.7594 
validation (Epoch 16) -- average_loss: 0.5077 -- label_loss: 0.5077 -- accuracy: 0.8510 -- balanced_accuracy: 0.8510 -- auc: 0.9305 -- auc_roc: 0.9305 -- f1_score: 0.8490 -- precision: 0.8604 -- recall: 0.8380 -- time: 2.1426 
train (Epoch 17) -- average_loss: 0.0733 -- label_loss: 0.0733 -- accuracy: 0.9727 -- balanced_accuracy: 0.9727 -- auc: 0.9965 -- auc_roc: 0.9965 -- f1_score: 0.9726 -- precision: 0.9733 -- recall: 0.9720 -- time: 44.7621 
validation (Epoch 17) -- average_loss: 0.5445 -- label_loss: 0.5445 -- accuracy: 0.8430 -- balanced_accuracy: 0.8430 -- auc: 0.9326 -- auc_roc: 0.9326 -- f1_score: 0.8542 -- precision: 0.7972 -- recall: 0.9200 -- time: 2.1442 
train (Epoch 18) -- average_loss: 0.0639 -- label_loss: 0.0639 -- accuracy: 0.9758 -- balanced_accuracy: 0.9758 -- auc: 0.9973 -- auc_roc: 0.9973 -- f1_score: 0.9758 -- precision: 0.9779 -- recall: 0.9737 -- time: 44.7259 
validation (Epoch 18) -- average_loss: 0.5918 -- label_loss: 0.5918 -- accuracy: 0.8550 -- balanced_accuracy: 0.8550 -- auc: 0.9338 -- auc_roc: 0.9338 -- f1_score: 0.8636 -- precision: 0.8153 -- recall: 0.9180 -- time: 2.1336 
train (Epoch 19) -- average_loss: 0.0502 -- label_loss: 0.0502 -- accuracy: 0.9815 -- balanced_accuracy: 0.9815 -- auc: 0.9983 -- auc_roc: 0.9983 -- f1_score: 0.9815 -- precision: 0.9813 -- recall: 0.9817 -- time: 44.7242 
validation (Epoch 19) -- average_loss: 0.6364 -- label_loss: 0.6364 -- accuracy: 0.8120 -- balanced_accuracy: 0.8120 -- auc: 0.9094 -- auc_roc: 0.9094 -- f1_score: 0.8157 -- precision: 0.8000 -- recall: 0.8320 -- time: 2.1599 
train (Epoch 20) -- average_loss: 0.0626 -- label_loss: 0.0626 -- accuracy: 0.9765 -- balanced_accuracy: 0.9765 -- auc: 0.9973 -- auc_roc: 0.9973 -- f1_score: 0.9765 -- precision: 0.9770 -- recall: 0.9760 -- time: 44.7893 
validation (Epoch 20) -- average_loss: 0.5618 -- label_loss: 0.5618 -- accuracy: 0.8500 -- balanced_accuracy: 0.8500 -- auc: 0.9242 -- auc_roc: 0.9242 -- f1_score: 0.8527 -- precision: 0.8378 -- recall: 0.8680 -- time: 2.1345 
test -- average_loss: 1.0098 -- label_loss: 1.0098 -- accuracy: 0.7167 -- balanced_accuracy: 0.7167 -- auc: 0.7921 -- auc_roc: 0.7921 -- f1_score: 0.7026 -- precision: 0.7393 -- recall: 0.6693 -- time: 19.6336 
[dann_adaptation: source_train, per_domain: 750] {'Original': {'real': 3000, 'fake': 0}, 'FaceSwap': {'real': 0, 'fake': 750}, 'Face2Face': {'real': 0, 'fake': 750}, 'FaceShifter': {'real': 0, 'fake': 750}, 'NeuralTextures': {'real': 0, 'fake': 750}}
[dann_adaptation: target_train] {'Deepfakes': {'real': 0, 'fake': 3000}}
[dann_adaptation: val, per_domain: 125] {'Original': {'real': 500, 'fake': 0}, 'FaceShifter': {'real': 0, 'fake': 125}, 'NeuralTextures': {'real': 0, 'fake': 125}, 'FaceSwap': {'real': 0, 'fake': 125}, 'Face2Face': {'real': 0, 'fake': 125}}
[dann_adaptation: test] {'Deepfakes': {'real': 0, 'fake': 750}, 'Original': {'real': 750, 'fake': 0}}
/Users/mateuszsmigowski/Documents/magisterka/Dyplom/DANN/.venv/lib/python3.14/site-packages/umap/umap_.py:1952: UserWarning: n_jobs value 1 overridden to 1 by setting random_state. Use no seed for parallelism.
  warn(
train (Epoch 1) -- average_loss: 0.6665 -- label_loss: 0.5993 -- accuracy: 0.6768 -- balanced_accuracy: 0.6768 -- auc: 0.7398 -- auc_roc: 0.7398 -- f1_score: 0.6788 -- precision: 0.6747 -- recall: 0.6830 -- time: 96.3864 -- domain_loss: 0.6746 -- domain_accuracy: 0.5705 
Feature visualization saved to /Users/mateuszsmigowski/Documents/magisterka/Dyplom/DANN/config/runs/testing_dann_adaptation_resnet18_held-out-Deepfakes_seed-2024_dann-main/seed-2024/_20260526-013206/feature_visualization/epoch_1_train.png
/Users/mateuszsmigowski/Documents/magisterka/Dyplom/DANN/.venv/lib/python3.14/site-packages/umap/umap_.py:1952: UserWarning: n_jobs value 1 overridden to 1 by setting random_state. Use no seed for parallelism.
  warn(
/Users/mateuszsmigowski/Documents/magisterka/Dyplom/DANN/.venv/lib/python3.14/site-packages/umap/umap_.py:1952: UserWarning: n_jobs value 1 overridden to 1 by setting random_state. Use no seed for parallelism.
  warn(
validation (Epoch 1) -- average_loss: 0.9802 -- label_loss: 0.9802 -- accuracy: 0.5920 -- balanced_accuracy: 0.5920 -- auc: 0.7832 -- auc_roc: 0.7832 -- f1_score: 0.7039 -- precision: 0.5524 -- recall: 0.9700 -- time: 7.5923 
train (Epoch 2) -- average_loss: 0.5192 -- label_loss: 0.4584 -- accuracy: 0.7792 -- balanced_accuracy: 0.7792 -- auc: 0.8660 -- auc_roc: 0.8660 -- f1_score: 0.7773 -- precision: 0.7838 -- recall: 0.7710 -- time: 67.7273 -- domain_loss: 0.6110 -- domain_accuracy: 0.6645 
validation (Epoch 2) -- average_loss: 0.4936 -- label_loss: 0.4936 -- accuracy: 0.7980 -- balanced_accuracy: 0.7980 -- auc: 0.8783 -- auc_roc: 0.8783 -- f1_score: 0.7730 -- precision: 0.8821 -- recall: 0.6880 -- time: 2.1499 
train (Epoch 3) -- average_loss: 0.3987 -- label_loss: 0.3459 -- accuracy: 0.8447 -- balanced_accuracy: 0.8447 -- auc: 0.9261 -- auc_roc: 0.9261 -- f1_score: 0.8439 -- precision: 0.8479 -- recall: 0.8400 -- time: 68.8538 -- domain_loss: 0.5323 -- domain_accuracy: 0.7325 
validation (Epoch 3) -- average_loss: 0.6676 -- label_loss: 0.6676 -- accuracy: 0.7360 -- balanced_accuracy: 0.7360 -- auc: 0.8889 -- auc_roc: 0.8889 -- f1_score: 0.7793 -- precision: 0.6695 -- recall: 0.9320 -- time: 2.1415 
train (Epoch 4) -- average_loss: 0.3346 -- label_loss: 0.2872 -- accuracy: 0.8805 -- balanced_accuracy: 0.8805 -- auc: 0.9492 -- auc_roc: 0.9492 -- f1_score: 0.8793 -- precision: 0.8881 -- recall: 0.8707 -- time: 68.4757 -- domain_loss: 0.4795 -- domain_accuracy: 0.7775 
validation (Epoch 4) -- average_loss: 0.6787 -- label_loss: 0.6787 -- accuracy: 0.7860 -- balanced_accuracy: 0.7860 -- auc: 0.8807 -- auc_roc: 0.8807 -- f1_score: 0.7563 -- precision: 0.8783 -- recall: 0.6640 -- time: 2.1534 
train (Epoch 5) -- average_loss: 0.2746 -- label_loss: 0.2291 -- accuracy: 0.9077 -- balanced_accuracy: 0.9077 -- auc: 0.9678 -- auc_roc: 0.9678 -- f1_score: 0.9075 -- precision: 0.9090 -- recall: 0.9060 -- time: 68.5384 -- domain_loss: 0.4603 -- domain_accuracy: 0.7860 
validation (Epoch 5) -- average_loss: 1.1722 -- label_loss: 1.1722 -- accuracy: 0.7030 -- balanced_accuracy: 0.7030 -- auc: 0.8780 -- auc_roc: 0.8780 -- f1_score: 0.7645 -- precision: 0.6334 -- recall: 0.9640 -- time: 2.1539 
train (Epoch 6) -- average_loss: 0.2321 -- label_loss: 0.1885 -- accuracy: 0.9232 -- balanced_accuracy: 0.9232 -- auc: 0.9785 -- auc_roc: 0.9785 -- f1_score: 0.9233 -- precision: 0.9219 -- recall: 0.9247 -- time: 68.7415 -- domain_loss: 0.4387 -- domain_accuracy: 0.7945 
Feature visualization saved to /Users/mateuszsmigowski/Documents/magisterka/Dyplom/DANN/config/runs/testing_dann_adaptation_resnet18_held-out-Deepfakes_seed-2024_dann-main/seed-2024/_20260526-013206/feature_visualization/epoch_6_train.png
validation (Epoch 6) -- average_loss: 0.5928 -- label_loss: 0.5928 -- accuracy: 0.8330 -- balanced_accuracy: 0.8330 -- auc: 0.9070 -- auc_roc: 0.9070 -- f1_score: 0.8251 -- precision: 0.8659 -- recall: 0.7880 -- time: 2.1015 
train (Epoch 7) -- average_loss: 0.2150 -- label_loss: 0.1700 -- accuracy: 0.9318 -- balanced_accuracy: 0.9318 -- auc: 0.9822 -- auc_roc: 0.9822 -- f1_score: 0.9316 -- precision: 0.9346 -- recall: 0.9287 -- time: 68.0904 -- domain_loss: 0.4554 -- domain_accuracy: 0.7800 
validation (Epoch 7) -- average_loss: 0.9637 -- label_loss: 0.9637 -- accuracy: 0.7610 -- balanced_accuracy: 0.7610 -- auc: 0.9006 -- auc_roc: 0.9006 -- f1_score: 0.7948 -- precision: 0.6962 -- recall: 0.9260 -- time: 2.1527 
train (Epoch 8) -- average_loss: 0.2059 -- label_loss: 0.1587 -- accuracy: 0.9368 -- balanced_accuracy: 0.9368 -- auc: 0.9844 -- auc_roc: 0.9844 -- f1_score: 0.9366 -- precision: 0.9396 -- recall: 0.9337 -- time: 69.8840 -- domain_loss: 0.4785 -- domain_accuracy: 0.7717 
validation (Epoch 8) -- average_loss: 0.5584 -- label_loss: 0.5584 -- accuracy: 0.8430 -- balanced_accuracy: 0.8430 -- auc: 0.9310 -- auc_roc: 0.9310 -- f1_score: 0.8284 -- precision: 0.9133 -- recall: 0.7580 -- time: 2.1617 
train (Epoch 9) -- average_loss: 0.1628 -- label_loss: 0.1177 -- accuracy: 0.9570 -- balanced_accuracy: 0.9570 -- auc: 0.9911 -- auc_roc: 0.9911 -- f1_score: 0.9569 -- precision: 0.9595 -- recall: 0.9543 -- time: 68.3772 -- domain_loss: 0.4565 -- domain_accuracy: 0.7842 
validation (Epoch 9) -- average_loss: 0.9649 -- label_loss: 0.9649 -- accuracy: 0.7740 -- balanced_accuracy: 0.7740 -- auc: 0.9139 -- auc_roc: 0.9139 -- f1_score: 0.8062 -- precision: 0.7057 -- recall: 0.9400 -- time: 2.1564 
train (Epoch 10) -- average_loss: 0.1612 -- label_loss: 0.1154 -- accuracy: 0.9550 -- balanced_accuracy: 0.9550 -- auc: 0.9917 -- auc_roc: 0.9917 -- f1_score: 0.9549 -- precision: 0.9571 -- recall: 0.9527 -- time: 68.2627 -- domain_loss: 0.4648 -- domain_accuracy: 0.7738 
validation (Epoch 10) -- average_loss: 0.5842 -- label_loss: 0.5842 -- accuracy: 0.8340 -- balanced_accuracy: 0.8340 -- auc: 0.9252 -- auc_roc: 0.9252 -- f1_score: 0.8395 -- precision: 0.8127 -- recall: 0.8680 -- time: 2.1443 
train (Epoch 11) -- average_loss: 0.1504 -- label_loss: 0.1048 -- accuracy: 0.9603 -- balanced_accuracy: 0.9603 -- auc: 0.9930 -- auc_roc: 0.9930 -- f1_score: 0.9604 -- precision: 0.9588 -- recall: 0.9620 -- time: 68.3909 -- domain_loss: 0.4630 -- domain_accuracy: 0.7737 
Feature visualization saved to /Users/mateuszsmigowski/Documents/magisterka/Dyplom/DANN/config/runs/testing_dann_adaptation_resnet18_held-out-Deepfakes_seed-2024_dann-main/seed-2024/_20260526-013206/feature_visualization/epoch_11_train.png
validation (Epoch 11) -- average_loss: 0.7008 -- label_loss: 0.7008 -- accuracy: 0.8270 -- balanced_accuracy: 0.8270 -- auc: 0.9136 -- auc_roc: 0.9136 -- f1_score: 0.8344 -- precision: 0.8000 -- recall: 0.8720 -- time: 2.1052 
train (Epoch 12) -- average_loss: 0.1341 -- label_loss: 0.0894 -- accuracy: 0.9657 -- balanced_accuracy: 0.9657 -- auc: 0.9950 -- auc_roc: 0.9950 -- f1_score: 0.9657 -- precision: 0.9660 -- recall: 0.9653 -- time: 67.8777 -- domain_loss: 0.4524 -- domain_accuracy: 0.7925 
validation (Epoch 12) -- average_loss: 0.8908 -- label_loss: 0.8908 -- accuracy: 0.7960 -- balanced_accuracy: 0.7960 -- auc: 0.9193 -- auc_roc: 0.9193 -- f1_score: 0.8201 -- precision: 0.7334 -- recall: 0.9300 -- time: 2.1439 
train (Epoch 13) -- average_loss: 0.1301 -- label_loss: 0.0862 -- accuracy: 0.9683 -- balanced_accuracy: 0.9683 -- auc: 0.9953 -- auc_roc: 0.9953 -- f1_score: 0.9684 -- precision: 0.9665 -- recall: 0.9703 -- time: 68.4164 -- domain_loss: 0.4431 -- domain_accuracy: 0.7937 
validation (Epoch 13) -- average_loss: 0.7025 -- label_loss: 0.7025 -- accuracy: 0.8390 -- balanced_accuracy: 0.8390 -- auc: 0.9157 -- auc_roc: 0.9157 -- f1_score: 0.8462 -- precision: 0.8099 -- recall: 0.8860 -- time: 2.1699 
test -- average_loss: 1.0558 -- label_loss: 1.0558 -- accuracy: 0.7107 -- balanced_accuracy: 0.7107 -- auc: 0.8506 -- auc_roc: 0.8506 -- f1_score: 0.6284 -- precision: 0.8780 -- recall: 0.4893 -- time: 19.8160 
[baseline: train] {'FaceShifter': {'real': 0, 'fake': 750}, 'NeuralTextures': {'real': 0, 'fake': 750}, 'Original': {'real': 3000, 'fake': 0}, 'Face2Face': {'real': 0, 'fake': 750}, 'FaceSwap': {'real': 0, 'fake': 750}}
[baseline: val] {'Original': {'real': 500, 'fake': 0}, 'Face2Face': {'real': 0, 'fake': 125}, 'NeuralTextures': {'real': 0, 'fake': 125}, 'FaceSwap': {'real': 0, 'fake': 125}, 'FaceShifter': {'real': 0, 'fake': 125}}
[baseline: test] {'Original': {'real': 750, 'fake': 0}, 'Deepfakes': {'real': 0, 'fake': 750}}
Downloading: "https://download.pytorch.org/models/resnet50-11ad3fa6.pth" to /Users/mateuszsmigowski/.cache/torch/hub/checkpoints/resnet50-11ad3fa6.pth
  0%|          | 0.00/97.8M [00:00<?, ?B/s]  0%|          | 128k/97.8M [00:01<15:23, 111kB/s]  1%|          | 640k/97.8M [00:01<02:34, 661kB/s]  1%|          | 1.00M/97.8M [00:01<01:35, 1.06MB/s]  1%|▏         | 1.38M/97.8M [00:01<01:13, 1.37MB/s]  2%|▏         | 1.75M/97.8M [00:02<02:41, 622kB/s]   2%|▏         | 2.12M/97.8M [00:02<01:58, 845kB/s]  2%|▏         | 2.38M/97.8M [00:03<01:40, 995kB/s]  3%|▎         | 2.62M/97.8M [00:03<01:33, 1.07MB/s]  3%|▎         | 3.00M/97.8M [00:03<01:11, 1.38MB/s]  3%|▎         | 3.25M/97.8M [00:03<01:05, 1.52MB/s]  4%|▎         | 3.50M/97.8M [00:03<00:58, 1.69MB/s]  4%|▍         | 3.75M/97.8M [00:03<00:58, 1.68MB/s]  4%|▍         | 4.12M/97.8M [00:03<00:48, 2.02MB/s]  4%|▍         | 4.38M/97.8M [00:04<00:48, 2.00MB/s]  5%|▍         | 4.62M/97.8M [00:04<00:49, 1.96MB/s]  5%|▍         | 4.88M/97.8M [00:04<00:52, 1.85MB/s]  5%|▌         | 5.25M/97.8M [00:04<00:42, 2.27MB/s]  6%|▌         | 5.50M/97.8M [00:04<00:42, 2.29MB/s]  6%|▌         | 5.75M/97.8M [00:04<00:45, 2.14MB/s]  6%|▌         | 6.00M/97.8M [00:04<00:44, 2.14MB/s]  6%|▋         | 6.25M/97.8M [00:04<00:44, 2.18MB/s]  7%|▋         | 6.50M/97.8M [00:05<00:46, 2.08MB/s]  7%|▋         | 6.75M/97.8M [00:05<00:43, 2.19MB/s]  7%|▋         | 7.00M/97.8M [00:05<00:48, 1.97MB/s]  8%|▊         | 7.38M/97.8M [00:05<00:39, 2.41MB/s]  8%|▊         | 7.62M/97.8M [00:05<00:41, 2.29MB/s]  8%|▊         | 7.88M/97.8M [00:05<00:43, 2.17MB/s]  8%|▊         | 8.12M/97.8M [00:05<00:46, 2.02MB/s]  9%|▊         | 8.50M/97.8M [00:06<00:41, 2.24MB/s]  9%|▉         | 8.75M/97.8M [00:06<00:40, 2.32MB/s]  9%|▉         | 9.00M/97.8M [00:06<00:39, 2.34MB/s]  9%|▉         | 9.25M/97.8M [00:06<00:45, 2.05MB/s] 10%|▉         | 9.62M/97.8M [00:06<00:41, 2.20MB/s] 10%|█         | 9.88M/97.8M [00:06<00:42, 2.16MB/s] 10%|█         | 10.1M/97.8M [00:06<00:41, 2.19MB/s] 11%|█         | 10.4M/97.8M [00:06<00:42, 2.17MB/s] 11%|█         | 10.8M/97.8M [00:07<00:37, 2.42MB/s] 11%|█         | 11.0M/97.8M [00:07<00:42, 2.13MB/s] 12%|█▏        | 11.2M/97.8M [00:07<00:52, 1.73MB/s] 12%|█▏        | 11.6M/97.8M [00:07<00:42, 2.14MB/s] 12%|█▏        | 11.9M/97.8M [00:07<00:42, 2.14MB/s] 12%|█▏        | 12.1M/97.8M [00:07<00:41, 2.19MB/s] 13%|█▎        | 12.4M/97.8M [00:08<00:52, 1.70MB/s] 13%|█▎        | 12.9M/97.8M [00:08<00:39, 2.25MB/s] 13%|█▎        | 13.1M/97.8M [00:08<00:41, 2.16MB/s] 14%|█▎        | 13.4M/97.8M [00:08<00:40, 2.17MB/s] 14%|█▍        | 13.6M/97.8M [00:08<00:39, 2.25MB/s] 14%|█▍        | 13.9M/97.8M [00:08<00:38, 2.28MB/s] 14%|█▍        | 14.1M/97.8M [00:08<00:41, 2.11MB/s] 15%|█▍        | 14.4M/97.8M [00:08<00:41, 2.09MB/s] 15%|█▍        | 14.6M/97.8M [00:09<00:44, 1.97MB/s] 15%|█▌        | 14.9M/97.8M [00:09<00:44, 1.95MB/s] 15%|█▌        | 15.1M/97.8M [00:09<00:41, 2.07MB/s] 16%|█▌        | 15.4M/97.8M [00:09<00:40, 2.16MB/s] 16%|█▌        | 15.6M/97.8M [00:09<00:39, 2.21MB/s] 16%|█▌        | 15.9M/97.8M [00:09<00:42, 2.03MB/s] 16%|█▋        | 16.1M/97.8M [00:09<00:42, 2.02MB/s] 17%|█▋        | 16.4M/97.8M [00:09<00:42, 2.01MB/s] 17%|█▋        | 16.6M/97.8M [00:10<00:59, 1.43MB/s] 17%|█▋        | 16.9M/97.8M [00:10<00:52, 1.61MB/s] 18%|█▊        | 17.1M/97.8M [00:10<00:50, 1.69MB/s] 18%|█▊        | 17.4M/97.8M [00:10<00:46, 1.81MB/s] 18%|█▊        | 17.6M/97.8M [00:10<00:47, 1.77MB/s] 18%|█▊        | 17.9M/97.8M [00:10<00:47, 1.76MB/s] 19%|█▊        | 18.1M/97.8M [00:11<00:44, 1.86MB/s] 19%|█▉        | 18.4M/97.8M [00:11<00:42, 1.97MB/s] 19%|█▉        | 18.6M/97.8M [00:11<00:40, 2.05MB/s] 19%|█▉        | 18.9M/97.8M [00:11<00:40, 2.02MB/s] 20%|█▉        | 19.1M/97.8M [00:11<00:41, 1.98MB/s] 20%|█▉        | 19.4M/97.8M [00:11<00:42, 1.92MB/s] 20%|██        | 19.6M/97.8M [00:11<00:40, 2.03MB/s] 20%|██        | 19.9M/97.8M [00:11<00:38, 2.13MB/s] 21%|██        | 20.1M/97.8M [00:13<02:18, 588kB/s]  21%|██        | 20.4M/97.8M [00:13<01:48, 748kB/s] 21%|██        | 20.6M/97.8M [00:13<01:25, 945kB/s] 21%|██▏       | 20.9M/97.8M [00:13<01:09, 1.16MB/s] 22%|██▏       | 21.1M/97.8M [00:13<01:05, 1.23MB/s] 22%|██▏       | 21.4M/97.8M [00:13<00:57, 1.38MB/s] 22%|██▏       | 21.6M/97.8M [00:13<00:53, 1.48MB/s] 22%|██▏       | 21.9M/97.8M [00:15<02:33, 520kB/s]  23%|██▎       | 22.2M/97.8M [00:15<01:46, 746kB/s] 23%|██▎       | 22.5M/97.8M [00:15<01:26, 914kB/s] 23%|██▎       | 22.8M/97.8M [00:15<01:11, 1.10MB/s] 24%|██▎       | 23.0M/97.8M [00:15<01:01, 1.27MB/s] 24%|██▍       | 23.2M/97.8M [00:15<00:59, 1.32MB/s] 24%|██▍       | 23.6M/97.8M [00:16<00:44, 1.73MB/s] 24%|██▍       | 23.9M/97.8M [00:16<00:48, 1.58MB/s] 25%|██▍       | 24.2M/97.8M [00:16<00:45, 1.71MB/s] 25%|██▌       | 24.8M/97.8M [00:16<00:34, 2.20MB/s] 26%|██▌       | 25.0M/97.8M [00:16<00:39, 1.94MB/s] 26%|██▌       | 25.4M/97.8M [00:16<00:39, 1.94MB/s] 26%|██▋       | 25.8M/97.8M [00:17<00:34, 2.18MB/s] 27%|██▋       | 26.0M/97.8M [00:17<00:39, 1.92MB/s] 27%|██▋       | 26.4M/97.8M [00:17<00:38, 1.96MB/s] 27%|██▋       | 26.9M/97.8M [00:17<00:32, 2.30MB/s] 28%|██▊       | 27.1M/97.8M [00:17<00:35, 2.09MB/s] 28%|██▊       | 27.5M/97.8M [00:18<00:35, 2.05MB/s] 29%|██▊       | 27.9M/97.8M [00:18<00:30, 2.39MB/s] 29%|██▉       | 28.2M/97.8M [00:18<00:33, 2.18MB/s] 29%|██▉       | 28.6M/97.8M [00:18<00:34, 2.12MB/s] 30%|██▉       | 29.1M/97.8M [00:18<00:29, 2.45MB/s] 30%|███       | 29.4M/97.8M [00:18<00:34, 2.09MB/s] 30%|███       | 29.8M/97.8M [00:19<00:33, 2.15MB/s] 31%|███       | 30.2M/97.8M [00:19<00:27, 2.56MB/s] 31%|███▏      | 30.6M/97.8M [00:19<00:32, 2.17MB/s] 32%|███▏      | 30.9M/97.8M [00:19<00:33, 2.11MB/s] 32%|███▏      | 31.2M/97.8M [00:19<00:29, 2.37MB/s] 32%|███▏      | 31.5M/97.8M [00:19<00:28, 2.42MB/s] 32%|███▏      | 31.8M/97.8M [00:19<00:29, 2.35MB/s] 33%|███▎      | 32.0M/97.8M [00:20<00:34, 2.03MB/s] 33%|███▎      | 32.4M/97.8M [00:20<00:29, 2.36MB/s] 33%|███▎      | 32.6M/97.8M [00:20<00:35, 1.93MB/s] 34%|███▍      | 33.1M/97.8M [00:20<00:31, 2.18MB/s] 34%|███▍      | 33.6M/97.8M [00:20<00:25, 2.61MB/s] 35%|███▍      | 34.0M/97.8M [00:20<00:28, 2.39MB/s] 35%|███▌      | 34.2M/97.8M [00:21<00:32, 2.07MB/s] 35%|███▌      | 34.6M/97.8M [00:21<00:28, 2.35MB/s] 36%|███▌      | 34.9M/97.8M [00:21<00:27, 2.37MB/s] 36%|███▌      | 35.1M/97.8M [00:21<00:27, 2.38MB/s] 36%|███▌      | 35.4M/97.8M [00:21<00:36, 1.80MB/s] 37%|███▋      | 35.9M/97.8M [00:21<00:27, 2.37MB/s] 37%|███▋      | 36.2M/97.8M [00:22<00:41, 1.57MB/s] 37%|███▋      | 36.5M/97.8M [00:22<00:38, 1.66MB/s] 38%|███▊      | 36.8M/97.8M [00:22<00:40, 1.58MB/s] 38%|███▊      | 37.0M/97.8M [00:23<01:45, 605kB/s]  38%|███▊      | 37.2M/97.8M [00:23<01:24, 747kB/s] 38%|███▊      | 37.5M/97.8M [00:24<01:37, 650kB/s] 39%|███▊      | 37.9M/97.8M [00:24<01:09, 898kB/s] 39%|███▉      | 38.2M/97.8M [00:24<00:56, 1.11MB/s] 39%|███▉      | 38.6M/97.8M [00:24<00:45, 1.36MB/s] 40%|███▉      | 38.9M/97.8M [00:25<00:44, 1.40MB/s] 40%|████      | 39.2M/97.8M [00:25<00:39, 1.56MB/s] 41%|████      | 39.6M/97.8M [00:25<00:32, 1.90MB/s] 41%|████      | 39.9M/97.8M [00:25<00:39, 1.53MB/s] 41%|████      | 40.2M/97.8M [00:25<00:33, 1.83MB/s] 42%|████▏     | 40.6M/97.8M [00:25<00:27, 2.20MB/s] 42%|████▏     | 41.0M/97.8M [00:26<00:29, 2.05MB/s] 42%|████▏     | 41.4M/97.8M [00:26<00:31, 1.91MB/s] 43%|████▎     | 41.9M/97.8M [00:26<00:26, 2.24MB/s] 43%|████▎     | 42.1M/97.8M [00:26<00:26, 2.21MB/s] 43%|████▎     | 42.5M/97.8M [00:26<00:27, 2.14MB/s] 44%|████▍     | 42.9M/97.8M [00:27<00:23, 2.40MB/s] 44%|████▍     | 43.1M/97.8M [00:27<00:32, 1.78MB/s] 44%|████▍     | 43.5M/97.8M [00:27<00:30, 1.86MB/s] 45%|████▍     | 44.0M/97.8M [00:27<00:24, 2.30MB/s] 45%|████▌     | 44.2M/97.8M [00:27<00:25, 2.17MB/s] 46%|████▌     | 44.6M/97.8M [00:27<00:24, 2.26MB/s] 46%|████▌     | 44.9M/97.8M [00:28<00:25, 2.18MB/s] 46%|████▌     | 45.1M/97.8M [00:28<00:31, 1.75MB/s] 47%|████▋     | 45.6M/97.8M [00:28<00:23, 2.34MB/s] 47%|████▋     | 46.0M/97.8M [00:28<00:22, 2.41MB/s] 47%|████▋     | 46.4M/97.8M [00:28<00:24, 2.16MB/s] 48%|████▊     | 46.6M/97.8M [00:28<00:23, 2.24MB/s] 48%|████▊     | 46.9M/97.8M [00:29<00:24, 2.15MB/s] 48%|████▊     | 47.1M/97.8M [00:29<00:25, 2.10MB/s] 48%|████▊     | 47.4M/97.8M [00:29<00:28, 1.83MB/s] 49%|████▉     | 47.9M/97.8M [00:29<00:23, 2.27MB/s] 49%|████▉     | 48.1M/97.8M [00:29<00:23, 2.21MB/s] 49%|████▉     | 48.4M/97.8M [00:29<00:27, 1.90MB/s] 50%|████▉     | 48.8M/97.8M [00:29<00:23, 2.22MB/s] 50%|█████     | 49.0M/97.8M [00:30<00:22, 2.25MB/s] 50%|█████     | 49.2M/97.8M [00:30<00:22, 2.28MB/s] 51%|█████     | 49.5M/97.8M [00:30<00:22, 2.25MB/s] 51%|█████     | 49.8M/97.8M [00:30<00:23, 2.17MB/s] 51%|█████     | 50.0M/97.8M [00:30<00:24, 2.06MB/s] 51%|█████▏    | 50.2M/97.8M [00:30<00:24, 2.00MB/s] 52%|█████▏    | 50.5M/97.8M [00:30<00:25, 1.97MB/s] 52%|█████▏    | 50.8M/97.8M [00:30<00:23, 2.12MB/s] 52%|█████▏    | 51.0M/97.8M [00:31<00:22, 2.21MB/s] 52%|█████▏    | 51.2M/97.8M [00:31<00:22, 2.19MB/s] 53%|█████▎    | 51.5M/97.8M [00:31<00:23, 2.05MB/s] 53%|█████▎    | 51.8M/97.8M [00:31<00:24, 2.01MB/s] 53%|█████▎    | 52.0M/97.8M [00:31<00:25, 1.90MB/s] 53%|█████▎    | 52.2M/97.8M [00:31<00:23, 2.02MB/s] 54%|█████▎    | 52.5M/97.8M [00:31<00:24, 1.91MB/s] 54%|█████▍    | 52.9M/97.8M [00:32<00:22, 2.09MB/s] 54%|█████▍    | 53.1M/97.8M [00:32<00:22, 2.05MB/s] 55%|█████▍    | 53.4M/97.8M [00:32<00:25, 1.81MB/s] 55%|█████▍    | 53.6M/97.8M [00:32<00:24, 1.86MB/s] 55%|█████▌    | 53.9M/97.8M [00:32<00:23, 2.00MB/s] 55%|█████▌    | 54.1M/97.8M [00:32<00:21, 2.13MB/s] 56%|█████▌    | 54.4M/97.8M [00:32<00:24, 1.88MB/s] 56%|█████▌    | 54.6M/97.8M [00:33<00:23, 1.89MB/s] 56%|█████▌    | 54.9M/97.8M [00:33<00:23, 1.92MB/s] 56%|█████▋    | 55.1M/97.8M [00:33<00:22, 1.99MB/s] 57%|█████▋    | 55.4M/97.8M [00:33<00:24, 1.82MB/s] 57%|█████▋    | 55.6M/97.8M [00:33<00:22, 1.99MB/s] 57%|█████▋    | 55.9M/97.8M [00:33<00:22, 1.94MB/s] 57%|█████▋    | 56.1M/97.8M [00:34<01:18, 559kB/s]  58%|█████▊    | 56.4M/97.8M [00:35<01:08, 634kB/s] 58%|█████▊    | 56.6M/97.8M [00:35<00:54, 788kB/s] 58%|█████▊    | 56.9M/97.8M [00:35<00:46, 919kB/s] 58%|█████▊    | 57.1M/97.8M [00:36<01:31, 468kB/s] 59%|█████▊    | 57.4M/97.8M [00:36<01:09, 613kB/s] 59%|█████▉    | 57.6M/97.8M [00:37<00:56, 749kB/s] 59%|█████▉    | 58.0M/97.8M [00:37<00:42, 991kB/s] 60%|█████▉    | 58.4M/97.8M [00:37<00:32, 1.28MB/s] 60%|█████▉    | 58.6M/97.8M [00:37<00:31, 1.32MB/s] 60%|██████    | 59.0M/97.8M [00:37<00:27, 1.50MB/s] 61%|██████    | 59.4M/97.8M [00:37<00:21, 1.87MB/s] 61%|██████    | 59.6M/97.8M [00:38<00:19, 2.00MB/s] 61%|██████    | 59.9M/97.8M [00:38<00:22, 1.74MB/s] 61%|██████▏   | 60.1M/97.8M [00:38<00:22, 1.77MB/s] 62%|██████▏   | 60.6M/97.8M [00:38<00:17, 2.23MB/s] 62%|██████▏   | 60.9M/97.8M [00:38<00:18, 2.15MB/s] 63%|██████▎   | 61.2M/97.8M [00:38<00:19, 1.99MB/s] 63%|██████▎   | 61.8M/97.8M [00:39<00:15, 2.41MB/s] 63%|██████▎   | 62.0M/97.8M [00:39<00:18, 2.02MB/s] 64%|██████▎   | 62.2M/97.8M [00:39<00:18, 1.98MB/s] 64%|██████▍   | 62.8M/97.8M [00:39<00:14, 2.50MB/s] 65%|██████▍   | 63.1M/97.8M [00:39<00:17, 2.06MB/s] 65%|██████▍   | 63.4M/97.8M [00:39<00:17, 2.06MB/s] 65%|██████▌   | 63.9M/97.8M [00:40<00:14, 2.50MB/s] 66%|██████▌   | 64.2M/97.8M [00:40<00:15, 2.28MB/s] 66%|██████▌   | 64.6M/97.8M [00:40<00:15, 2.27MB/s] 66%|██████▋   | 65.0M/97.8M [00:40<00:14, 2.43MB/s] 67%|██████▋   | 65.2M/97.8M [00:40<00:16, 2.06MB/s] 67%|██████▋   | 65.6M/97.8M [00:40<00:17, 1.92MB/s] 68%|██████▊   | 66.1M/97.8M [00:41<00:14, 2.34MB/s] 68%|██████▊   | 66.4M/97.8M [00:41<00:14, 2.20MB/s] 68%|██████▊   | 66.8M/97.8M [00:41<00:15, 2.14MB/s] 69%|██████▉   | 67.2M/97.8M [00:41<00:13, 2.37MB/s] 69%|██████▉   | 67.5M/97.8M [00:41<00:16, 1.89MB/s] 69%|██████▉   | 67.9M/97.8M [00:41<00:13, 2.25MB/s] 70%|██████▉   | 68.4M/97.8M [00:42<00:11, 2.64MB/s] 70%|███████   | 68.8M/97.8M [00:42<00:12, 2.46MB/s] 71%|███████   | 69.1M/97.8M [00:42<00:14, 2.02MB/s] 71%|███████   | 69.5M/97.8M [00:42<00:12, 2.32MB/s] 71%|███████▏  | 69.9M/97.8M [00:42<00:12, 2.39MB/s] 72%|███████▏  | 70.2M/97.8M [00:43<00:14, 1.95MB/s] 72%|███████▏  | 70.8M/97.8M [00:43<00:14, 1.95MB/s] 73%|███████▎  | 71.1M/97.8M [00:43<00:13, 2.13MB/s] 73%|███████▎  | 71.6M/97.8M [00:43<00:10, 2.58MB/s] 74%|███████▎  | 72.0M/97.8M [00:44<00:15, 1.77MB/s] 74%|███████▍  | 72.8M/97.8M [00:44<00:10, 2.50MB/s] 75%|███████▍  | 73.1M/97.8M [00:44<00:10, 2.43MB/s] 75%|███████▌  | 73.5M/97.8M [00:44<00:11, 2.31MB/s] 76%|███████▌  | 73.9M/97.8M [00:44<00:10, 2.38MB/s] 76%|███████▌  | 74.2M/97.8M [00:45<00:12, 2.02MB/s] 76%|███████▌  | 74.5M/97.8M [00:45<00:11, 2.12MB/s] 77%|███████▋  | 75.0M/97.8M [00:45<00:09, 2.59MB/s] 77%|███████▋  | 75.4M/97.8M [00:45<00:09, 2.36MB/s] 77%|███████▋  | 75.6M/97.8M [00:45<00:11, 2.04MB/s] 78%|███████▊  | 76.0M/97.8M [00:45<00:09, 2.33MB/s] 78%|███████▊  | 76.2M/97.8M [00:45<00:09, 2.36MB/s] 78%|███████▊  | 76.5M/97.8M [00:45<00:09, 2.37MB/s] 79%|███████▊  | 76.9M/97.8M [00:46<00:11, 1.93MB/s] 79%|███████▉  | 77.4M/97.8M [00:46<00:08, 2.44MB/s] 80%|███████▉  | 77.8M/97.8M [00:46<00:09, 2.32MB/s] 80%|███████▉  | 78.0M/97.8M [00:46<00:09, 2.26MB/s] 80%|████████  | 78.4M/97.8M [00:46<00:08, 2.36MB/s] 80%|████████  | 78.6M/97.8M [00:47<00:11, 1.78MB/s] 81%|████████  | 79.0M/97.8M [00:47<00:10, 1.82MB/s] 81%|████████▏ | 79.5M/97.8M [00:47<00:08, 2.33MB/s] 82%|████████▏ | 79.9M/97.8M [00:47<00:07, 2.47MB/s] 82%|████████▏ | 80.2M/97.8M [00:47<00:07, 2.39MB/s] 82%|████████▏ | 80.5M/97.8M [00:47<00:08, 2.23MB/s] 83%|████████▎ | 80.8M/97.8M [00:48<00:09, 1.80MB/s] 83%|████████▎ | 81.2M/97.8M [00:48<00:07, 2.40MB/s] 83%|████████▎ | 81.6M/97.8M [00:48<00:06, 2.45MB/s] 84%|████████▍ | 82.0M/97.8M [00:48<00:07, 2.30MB/s] 84%|████████▍ | 82.2M/97.8M [00:48<00:07, 2.27MB/s] 84%|████████▍ | 82.5M/97.8M [00:48<00:07, 2.11MB/s] 85%|████████▍ | 82.8M/97.8M [00:49<00:07, 2.12MB/s] 85%|████████▍ | 83.0M/97.8M [00:49<00:07, 1.99MB/s] 85%|████████▌ | 83.4M/97.8M [00:49<00:06, 2.41MB/s] 86%|████████▌ | 83.6M/97.8M [00:49<00:06, 2.23MB/s] 86%|████████▌ | 83.9M/97.8M [00:49<00:06, 2.16MB/s] 86%|████████▌ | 84.1M/97.8M [00:49<00:07, 1.87MB/s] 86%|████████▋ | 84.5M/97.8M [00:49<00:06, 2.26MB/s] 87%|████████▋ | 84.8M/97.8M [00:49<00:05, 2.29MB/s] 87%|████████▋ | 85.0M/97.8M [00:50<00:05, 2.36MB/s] 87%|████████▋ | 85.2M/97.8M [00:50<00:05, 2.21MB/s] 87%|████████▋ | 85.5M/97.8M [00:50<00:06, 2.11MB/s] 88%|████████▊ | 85.8M/97.8M [00:50<00:06, 2.06MB/s] 88%|████████▊ | 86.0M/97.8M [00:50<00:05, 2.09MB/s] 88%|████████▊ | 86.2M/97.8M [00:50<00:05, 2.15MB/s] 88%|████████▊ | 86.5M/97.8M [00:50<00:05, 2.21MB/s] 89%|████████▊ | 86.8M/97.8M [00:50<00:05, 2.02MB/s] 89%|████████▉ | 87.0M/97.8M [00:51<00:05, 1.95MB/s] 89%|████████▉ | 87.2M/97.8M [00:51<00:05, 1.94MB/s] 89%|████████▉ | 87.5M/97.8M [00:51<00:05, 1.95MB/s] 90%|████████▉ | 87.8M/97.8M [00:51<00:05, 2.06MB/s] 90%|████████▉ | 88.0M/97.8M [00:51<00:04, 2.11MB/s] 90%|█████████ | 88.2M/97.8M [00:51<00:04, 2.17MB/s] 90%|█████████ | 88.5M/97.8M [00:51<00:04, 2.21MB/s] 91%|█████████ | 88.8M/97.8M [00:51<00:04, 2.21MB/s] 91%|█████████ | 89.0M/97.8M [00:52<00:04, 2.17MB/s] 91%|█████████▏| 89.2M/97.8M [00:52<00:04, 2.19MB/s] 92%|█████████▏| 89.5M/97.8M [00:52<00:04, 2.16MB/s] 92%|█████████▏| 89.8M/97.8M [00:52<00:03, 2.16MB/s] 92%|█████████▏| 90.0M/97.8M [00:52<00:03, 2.19MB/s] 92%|█████████▏| 90.2M/97.8M [00:52<00:03, 2.08MB/s] 93%|█████████▎| 90.5M/97.8M [00:52<00:03, 2.09MB/s] 93%|█████████▎| 90.8M/97.8M [00:52<00:03, 1.94MB/s] 93%|█████████▎| 91.0M/97.8M [00:53<00:03, 1.80MB/s] 93%|█████████▎| 91.2M/97.8M [00:53<00:03, 1.76MB/s] 94%|█████████▎| 91.5M/97.8M [00:53<00:03, 1.78MB/s] 94%|█████████▍| 91.8M/97.8M [00:53<00:03, 1.89MB/s] 94%|█████████▍| 92.0M/97.8M [00:53<00:03, 1.92MB/s] 94%|█████████▍| 92.2M/97.8M [00:53<00:03, 1.84MB/s] 95%|█████████▍| 92.5M/97.8M [00:54<00:03, 1.82MB/s] 95%|█████████▍| 92.8M/97.8M [00:54<00:02, 1.81MB/s] 95%|█████████▌| 93.0M/97.8M [00:54<00:02, 1.84MB/s] 95%|█████████▌| 93.2M/97.8M [00:54<00:02, 1.93MB/s] 96%|█████████▌| 93.6M/97.8M [00:54<00:02, 2.16MB/s] 96%|█████████▌| 93.9M/97.8M [00:54<00:01, 2.08MB/s] 96%|█████████▋| 94.1M/97.8M [00:54<00:01, 1.97MB/s] 97%|█████████▋| 94.4M/97.8M [00:55<00:01, 1.89MB/s] 97%|█████████▋| 94.6M/97.8M [00:55<00:01, 1.90MB/s] 97%|█████████▋| 94.9M/97.8M [00:55<00:01, 2.05MB/s] 97%|█████████▋| 95.1M/97.8M [00:55<00:01, 2.18MB/s] 98%|█████████▊| 95.4M/97.8M [00:55<00:01, 2.23MB/s] 98%|█████████▊| 95.6M/97.8M [00:55<00:01, 2.11MB/s] 98%|█████████▊| 95.9M/97.8M [00:55<00:00, 2.01MB/s] 98%|█████████▊| 96.1M/97.8M [00:55<00:00, 1.90MB/s] 99%|█████████▊| 96.4M/97.8M [00:56<00:00, 2.00MB/s] 99%|█████████▉| 96.6M/97.8M [00:56<00:00, 2.15MB/s] 99%|█████████▉| 96.9M/97.8M [00:56<00:00, 2.21MB/s] 99%|█████████▉| 97.1M/97.8M [00:56<00:00, 2.12MB/s]100%|█████████▉| 97.4M/97.8M [00:56<00:00, 2.05MB/s]100%|█████████▉| 97.6M/97.8M [00:56<00:00, 2.05MB/s]100%|██████████| 97.8M/97.8M [00:56<00:00, 1.81MB/s]
train (Epoch 1) -- average_loss: 0.6250 -- label_loss: 0.6250 -- accuracy: 0.6423 -- balanced_accuracy: 0.6423 -- auc: 0.7035 -- auc_roc: 0.7035 -- f1_score: 0.6299 -- precision: 0.6526 -- recall: 0.6087 -- time: 153.0674 
validation (Epoch 1) -- average_loss: 0.7178 -- label_loss: 0.7178 -- accuracy: 0.6150 -- balanced_accuracy: 0.6150 -- auc: 0.7875 -- auc_roc: 0.7875 -- f1_score: 0.3879 -- precision: 0.9457 -- recall: 0.2440 -- time: 13.3014 
train (Epoch 2) -- average_loss: 0.4451 -- label_loss: 0.4451 -- accuracy: 0.7883 -- balanced_accuracy: 0.7883 -- auc: 0.8737 -- auc_roc: 0.8737 -- f1_score: 0.7883 -- precision: 0.7883 -- recall: 0.7883 -- time: 137.8461 
validation (Epoch 2) -- average_loss: 0.5341 -- label_loss: 0.5341 -- accuracy: 0.7460 -- balanced_accuracy: 0.7460 -- auc: 0.8750 -- auc_roc: 0.8750 -- f1_score: 0.6910 -- precision: 0.8820 -- recall: 0.5680 -- time: 7.0650 
train (Epoch 3) -- average_loss: 0.3327 -- label_loss: 0.3327 -- accuracy: 0.8577 -- balanced_accuracy: 0.8577 -- auc: 0.9324 -- auc_roc: 0.9324 -- f1_score: 0.8555 -- precision: 0.8690 -- recall: 0.8423 -- time: 137.0977 
validation (Epoch 3) -- average_loss: 0.5907 -- label_loss: 0.5907 -- accuracy: 0.7530 -- balanced_accuracy: 0.7530 -- auc: 0.8992 -- auc_roc: 0.8992 -- f1_score: 0.7947 -- precision: 0.6799 -- recall: 0.9560 -- time: 7.0484 
train (Epoch 4) -- average_loss: 0.2512 -- label_loss: 0.2512 -- accuracy: 0.8983 -- balanced_accuracy: 0.8983 -- auc: 0.9614 -- auc_roc: 0.9614 -- f1_score: 0.8980 -- precision: 0.9013 -- recall: 0.8947 -- time: 137.8832 
validation (Epoch 4) -- average_loss: 0.3676 -- label_loss: 0.3676 -- accuracy: 0.8250 -- balanced_accuracy: 0.8250 -- auc: 0.9188 -- auc_roc: 0.9188 -- f1_score: 0.8212 -- precision: 0.8392 -- recall: 0.8040 -- time: 7.1858 
train (Epoch 5) -- average_loss: 0.1972 -- label_loss: 0.1972 -- accuracy: 0.9242 -- balanced_accuracy: 0.9242 -- auc: 0.9759 -- auc_roc: 0.9759 -- f1_score: 0.9237 -- precision: 0.9295 -- recall: 0.9180 -- time: 139.0562 
validation (Epoch 5) -- average_loss: 0.4518 -- label_loss: 0.4518 -- accuracy: 0.8290 -- balanced_accuracy: 0.8290 -- auc: 0.9163 -- auc_roc: 0.9163 -- f1_score: 0.8123 -- precision: 0.9002 -- recall: 0.7400 -- time: 7.1424 
train (Epoch 6) -- average_loss: 0.1571 -- label_loss: 0.1571 -- accuracy: 0.9392 -- balanced_accuracy: 0.9392 -- auc: 0.9849 -- auc_roc: 0.9849 -- f1_score: 0.9390 -- precision: 0.9420 -- recall: 0.9360 -- time: 139.0749 
validation (Epoch 6) -- average_loss: 0.3975 -- label_loss: 0.3975 -- accuracy: 0.8490 -- balanced_accuracy: 0.8490 -- auc: 0.9230 -- auc_roc: 0.9230 -- f1_score: 0.8467 -- precision: 0.8598 -- recall: 0.8340 -- time: 7.1371 
train (Epoch 7) -- average_loss: 0.1275 -- label_loss: 0.1275 -- accuracy: 0.9525 -- balanced_accuracy: 0.9525 -- auc: 0.9896 -- auc_roc: 0.9896 -- f1_score: 0.9525 -- precision: 0.9527 -- recall: 0.9523 -- time: 139.1962 
validation (Epoch 7) -- average_loss: 0.4470 -- label_loss: 0.4470 -- accuracy: 0.8320 -- balanced_accuracy: 0.8320 -- auc: 0.9285 -- auc_roc: 0.9285 -- f1_score: 0.8117 -- precision: 0.9235 -- recall: 0.7240 -- time: 7.1727 
train (Epoch 8) -- average_loss: 0.1155 -- label_loss: 0.1155 -- accuracy: 0.9545 -- balanced_accuracy: 0.9545 -- auc: 0.9916 -- auc_roc: 0.9916 -- f1_score: 0.9544 -- precision: 0.9565 -- recall: 0.9523 -- time: 139.7984 
validation (Epoch 8) -- average_loss: 0.5297 -- label_loss: 0.5297 -- accuracy: 0.7970 -- balanced_accuracy: 0.7970 -- auc: 0.9153 -- auc_roc: 0.9153 -- f1_score: 0.8196 -- precision: 0.7376 -- recall: 0.9220 -- time: 7.2584 
train (Epoch 9) -- average_loss: 0.0946 -- label_loss: 0.0946 -- accuracy: 0.9652 -- balanced_accuracy: 0.9652 -- auc: 0.9943 -- auc_roc: 0.9943 -- f1_score: 0.9651 -- precision: 0.9663 -- recall: 0.9640 -- time: 139.8436 
validation (Epoch 9) -- average_loss: 0.6695 -- label_loss: 0.6695 -- accuracy: 0.8040 -- balanced_accuracy: 0.8040 -- auc: 0.9194 -- auc_roc: 0.9194 -- f1_score: 0.8269 -- precision: 0.7405 -- recall: 0.9360 -- time: 7.2079 
train (Epoch 10) -- average_loss: 0.0790 -- label_loss: 0.0790 -- accuracy: 0.9730 -- balanced_accuracy: 0.9730 -- auc: 0.9958 -- auc_roc: 0.9958 -- f1_score: 0.9730 -- precision: 0.9730 -- recall: 0.9730 -- time: 140.7539 
validation (Epoch 10) -- average_loss: 0.4618 -- label_loss: 0.4618 -- accuracy: 0.8440 -- balanced_accuracy: 0.8440 -- auc: 0.9286 -- auc_roc: 0.9286 -- f1_score: 0.8462 -- precision: 0.8346 -- recall: 0.8580 -- time: 7.2204 
train (Epoch 11) -- average_loss: 0.0761 -- label_loss: 0.0761 -- accuracy: 0.9717 -- balanced_accuracy: 0.9717 -- auc: 0.9963 -- auc_roc: 0.9963 -- f1_score: 0.9717 -- precision: 0.9720 -- recall: 0.9713 -- time: 139.5751 
validation (Epoch 11) -- average_loss: 0.5757 -- label_loss: 0.5757 -- accuracy: 0.8360 -- balanced_accuracy: 0.8360 -- auc: 0.9200 -- auc_roc: 0.9200 -- f1_score: 0.8379 -- precision: 0.8281 -- recall: 0.8480 -- time: 7.2136 
test -- average_loss: 0.5846 -- label_loss: 0.5846 -- accuracy: 0.7533 -- balanced_accuracy: 0.7533 -- auc: 0.8453 -- auc_roc: 0.8453 -- f1_score: 0.7383 -- precision: 0.7861 -- recall: 0.6960 -- time: 27.7620 
[dann_generalization: train, real: 3000, fake_per_domain: 750] {'FaceShifter': {'real': 0, 'fake': 750}, 'NeuralTextures': {'real': 0, 'fake': 750}, 'Original': {'real': 3000, 'fake': 0}, 'Face2Face': {'real': 0, 'fake': 750}, 'FaceSwap': {'real': 0, 'fake': 750}}
[dann_generalization: val, real: 500, fake_per_domain: 125] {'Original': {'real': 500, 'fake': 0}, 'Face2Face': {'real': 0, 'fake': 125}, 'NeuralTextures': {'real': 0, 'fake': 125}, 'FaceSwap': {'real': 0, 'fake': 125}, 'FaceShifter': {'real': 0, 'fake': 125}}
[dann_generalization: test] {'Original': {'real': 750, 'fake': 0}, 'Deepfakes': {'real': 0, 'fake': 750}}
train (Epoch 1) -- average_loss: 0.7526 -- label_loss: 0.6238 -- accuracy: 0.6412 -- balanced_accuracy: 0.6412 -- auc: 0.7062 -- auc_roc: 0.7062 -- f1_score: 0.6344 -- precision: 0.6466 -- recall: 0.6227 -- time: 155.7210 -- domain_loss: 1.2879 -- domain_accuracy: 0.4073 
validation (Epoch 1) -- average_loss: 0.6565 -- label_loss: 0.5398 -- accuracy: 0.7290 -- balanced_accuracy: 0.7290 -- auc: 0.8096 -- auc_roc: 0.8096 -- f1_score: 0.7192 -- precision: 0.7462 -- recall: 0.6940 -- time: 13.5582 -- domain_loss: 1.1644 -- domain_accuracy: 0.4640 
train (Epoch 2) -- average_loss: 0.5477 -- label_loss: 0.4525 -- accuracy: 0.7957 -- balanced_accuracy: 0.7957 -- auc: 0.8710 -- auc_roc: 0.8710 -- f1_score: 0.7976 -- precision: 0.7901 -- recall: 0.8053 -- time: 139.7820 -- domain_loss: 0.9535 -- domain_accuracy: 0.6237 
validation (Epoch 2) -- average_loss: 0.6285 -- label_loss: 0.5519 -- accuracy: 0.7590 -- balanced_accuracy: 0.7590 -- auc: 0.8627 -- auc_roc: 0.8627 -- f1_score: 0.7903 -- precision: 0.6995 -- recall: 0.9080 -- time: 7.1222 -- domain_loss: 0.7727 -- domain_accuracy: 0.7040 
train (Epoch 3) -- average_loss: 0.4093 -- label_loss: 0.3343 -- accuracy: 0.8533 -- balanced_accuracy: 0.8533 -- auc: 0.9313 -- auc_roc: 0.9313 -- f1_score: 0.8533 -- precision: 0.8536 -- recall: 0.8530 -- time: 138.8021 -- domain_loss: 0.7552 -- domain_accuracy: 0.6970 
validation (Epoch 3) -- average_loss: 0.5461 -- label_loss: 0.4738 -- accuracy: 0.7730 -- balanced_accuracy: 0.7730 -- auc: 0.8808 -- auc_roc: 0.8808 -- f1_score: 0.7441 -- precision: 0.8527 -- recall: 0.6600 -- time: 7.1852 -- domain_loss: 0.7221 -- domain_accuracy: 0.7220 
train (Epoch 4) -- average_loss: 0.3183 -- label_loss: 0.2503 -- accuracy: 0.8947 -- balanced_accuracy: 0.8947 -- auc: 0.9618 -- auc_roc: 0.9618 -- f1_score: 0.8935 -- precision: 0.9035 -- recall: 0.8837 -- time: 139.3935 -- domain_loss: 0.6765 -- domain_accuracy: 0.7487 
validation (Epoch 4) -- average_loss: 0.5788 -- label_loss: 0.5114 -- accuracy: 0.8000 -- balanced_accuracy: 0.8000 -- auc: 0.9117 -- auc_roc: 0.9117 -- f1_score: 0.8249 -- precision: 0.7336 -- recall: 0.9420 -- time: 7.1861 -- domain_loss: 0.6786 -- domain_accuracy: 0.7280 
train (Epoch 5) -- average_loss: 0.2622 -- label_loss: 0.1850 -- accuracy: 0.9260 -- balanced_accuracy: 0.9260 -- auc: 0.9789 -- auc_roc: 0.9789 -- f1_score: 0.9258 -- precision: 0.9289 -- recall: 0.9227 -- time: 140.5978 -- domain_loss: 0.7676 -- domain_accuracy: 0.6870 
validation (Epoch 5) -- average_loss: 0.5731 -- label_loss: 0.4772 -- accuracy: 0.8130 -- balanced_accuracy: 0.8130 -- auc: 0.9029 -- auc_roc: 0.9029 -- f1_score: 0.8200 -- precision: 0.7904 -- recall: 0.8520 -- time: 7.2120 -- domain_loss: 0.9575 -- domain_accuracy: 0.5900 
train (Epoch 6) -- average_loss: 0.2412 -- label_loss: 0.1600 -- accuracy: 0.9405 -- balanced_accuracy: 0.9405 -- auc: 0.9839 -- auc_roc: 0.9839 -- f1_score: 0.9405 -- precision: 0.9401 -- recall: 0.9410 -- time: 140.4754 -- domain_loss: 0.8118 -- domain_accuracy: 0.6507 
validation (Epoch 6) -- average_loss: 0.8974 -- label_loss: 0.8139 -- accuracy: 0.7560 -- balanced_accuracy: 0.7560 -- auc: 0.9143 -- auc_roc: 0.9143 -- f1_score: 0.6848 -- precision: 0.9672 -- recall: 0.5300 -- time: 7.2298 -- domain_loss: 0.8332 -- domain_accuracy: 0.6680 
train (Epoch 7) -- average_loss: 0.2247 -- label_loss: 0.1327 -- accuracy: 0.9488 -- balanced_accuracy: 0.9488 -- auc: 0.9890 -- auc_roc: 0.9890 -- f1_score: 0.9488 -- precision: 0.9502 -- recall: 0.9473 -- time: 140.8617 -- domain_loss: 0.9145 -- domain_accuracy: 0.6170 
validation (Epoch 7) -- average_loss: 0.5571 -- label_loss: 0.4464 -- accuracy: 0.8470 -- balanced_accuracy: 0.8470 -- auc: 0.9209 -- auc_roc: 0.9209 -- f1_score: 0.8468 -- precision: 0.8477 -- recall: 0.8460 -- time: 7.2692 -- domain_loss: 1.1134 -- domain_accuracy: 0.5820 
train (Epoch 8) -- average_loss: 0.2286 -- label_loss: 0.1338 -- accuracy: 0.9505 -- balanced_accuracy: 0.9505 -- auc: 0.9887 -- auc_roc: 0.9887 -- f1_score: 0.9505 -- precision: 0.9498 -- recall: 0.9513 -- time: 141.3158 -- domain_loss: 0.9413 -- domain_accuracy: 0.6127 
validation (Epoch 8) -- average_loss: 0.4804 -- label_loss: 0.3945 -- accuracy: 0.8450 -- balanced_accuracy: 0.8450 -- auc: 0.9269 -- auc_roc: 0.9269 -- f1_score: 0.8407 -- precision: 0.8647 -- recall: 0.8180 -- time: 7.2615 -- domain_loss: 0.8607 -- domain_accuracy: 0.6680 
train (Epoch 9) -- average_loss: 0.1974 -- label_loss: 0.0999 -- accuracy: 0.9617 -- balanced_accuracy: 0.9617 -- auc: 0.9935 -- auc_roc: 0.9935 -- f1_score: 0.9616 -- precision: 0.9626 -- recall: 0.9607 -- time: 141.6038 -- domain_loss: 0.9720 -- domain_accuracy: 0.5850 
validation (Epoch 9) -- average_loss: 0.5310 -- label_loss: 0.4390 -- accuracy: 0.8310 -- balanced_accuracy: 0.8310 -- auc: 0.9224 -- auc_roc: 0.9224 -- f1_score: 0.8345 -- precision: 0.8177 -- recall: 0.8520 -- time: 7.2865 -- domain_loss: 0.9266 -- domain_accuracy: 0.6200 
train (Epoch 10) -- average_loss: 0.1785 -- label_loss: 0.0809 -- accuracy: 0.9692 -- balanced_accuracy: 0.9692 -- auc: 0.9959 -- auc_roc: 0.9959 -- f1_score: 0.9692 -- precision: 0.9690 -- recall: 0.9693 -- time: 141.5787 -- domain_loss: 0.9733 -- domain_accuracy: 0.5760 
validation (Epoch 10) -- average_loss: 0.7205 -- label_loss: 0.6273 -- accuracy: 0.8180 -- balanced_accuracy: 0.8180 -- auc: 0.9238 -- auc_roc: 0.9238 -- f1_score: 0.7932 -- precision: 0.9184 -- recall: 0.6980 -- time: 7.2856 -- domain_loss: 0.9329 -- domain_accuracy: 0.6220 
train (Epoch 11) -- average_loss: 0.1705 -- label_loss: 0.0726 -- accuracy: 0.9735 -- balanced_accuracy: 0.9735 -- auc: 0.9964 -- auc_roc: 0.9964 -- f1_score: 0.9735 -- precision: 0.9727 -- recall: 0.9743 -- time: 141.5012 -- domain_loss: 0.9785 -- domain_accuracy: 0.5837 
validation (Epoch 11) -- average_loss: 0.6934 -- label_loss: 0.6045 -- accuracy: 0.8190 -- balanced_accuracy: 0.8190 -- auc: 0.9168 -- auc_roc: 0.9168 -- f1_score: 0.8359 -- precision: 0.7645 -- recall: 0.9220 -- time: 7.3010 -- domain_loss: 0.8882 -- domain_accuracy: 0.6440 
train (Epoch 12) -- average_loss: 0.1753 -- label_loss: 0.0745 -- accuracy: 0.9718 -- balanced_accuracy: 0.9718 -- auc: 0.9963 -- auc_roc: 0.9963 -- f1_score: 0.9719 -- precision: 0.9701 -- recall: 0.9737 -- time: 141.9958 -- domain_loss: 1.0011 -- domain_accuracy: 0.5800 
validation (Epoch 12) -- average_loss: 0.7600 -- label_loss: 0.6650 -- accuracy: 0.8140 -- balanced_accuracy: 0.8140 -- auc: 0.9082 -- auc_roc: 0.9082 -- f1_score: 0.8312 -- precision: 0.7608 -- recall: 0.9160 -- time: 7.4083 -- domain_loss: 0.9549 -- domain_accuracy: 0.6000 
test -- average_loss: 0.7938 -- label_loss: 0.7938 -- accuracy: 0.7327 -- balanced_accuracy: 0.7327 -- auc: 0.8170 -- auc_roc: 0.8170 -- f1_score: 0.7221 -- precision: 0.7518 -- recall: 0.6947 -- time: 27.9627 
[baseline: train] {'FaceShifter': {'real': 0, 'fake': 750}, 'Original': {'real': 3000, 'fake': 0}, 'Face2Face': {'real': 0, 'fake': 750}, 'FaceSwap': {'real': 0, 'fake': 750}, 'NeuralTextures': {'real': 0, 'fake': 750}}
[baseline: val] {'Original': {'real': 500, 'fake': 0}, 'Face2Face': {'real': 0, 'fake': 125}, 'NeuralTextures': {'real': 0, 'fake': 125}, 'FaceShifter': {'real': 0, 'fake': 125}, 'FaceSwap': {'real': 0, 'fake': 125}}
[baseline: test] {'Deepfakes': {'real': 0, 'fake': 750}, 'Original': {'real': 750, 'fake': 0}}
train (Epoch 1) -- average_loss: 0.6187 -- label_loss: 0.6187 -- accuracy: 0.6503 -- balanced_accuracy: 0.6503 -- auc: 0.7137 -- auc_roc: 0.7137 -- f1_score: 0.6550 -- precision: 0.6463 -- recall: 0.6640 -- time: 153.4808 
validation (Epoch 1) -- average_loss: 0.5274 -- label_loss: 0.5274 -- accuracy: 0.7190 -- balanced_accuracy: 0.7190 -- auc: 0.8088 -- auc_roc: 0.8088 -- f1_score: 0.7124 -- precision: 0.7296 -- recall: 0.6960 -- time: 13.1918 
train (Epoch 2) -- average_loss: 0.4481 -- label_loss: 0.4481 -- accuracy: 0.7913 -- balanced_accuracy: 0.7913 -- auc: 0.8726 -- auc_roc: 0.8726 -- f1_score: 0.7901 -- precision: 0.7949 -- recall: 0.7853 -- time: 138.1703 
validation (Epoch 2) -- average_loss: 0.4547 -- label_loss: 0.4547 -- accuracy: 0.7760 -- balanced_accuracy: 0.7760 -- auc: 0.8925 -- auc_roc: 0.8925 -- f1_score: 0.8004 -- precision: 0.7219 -- recall: 0.8980 -- time: 7.0456 
train (Epoch 3) -- average_loss: 0.3235 -- label_loss: 0.3235 -- accuracy: 0.8613 -- balanced_accuracy: 0.8613 -- auc: 0.9355 -- auc_roc: 0.9355 -- f1_score: 0.8597 -- precision: 0.8700 -- recall: 0.8497 -- time: 137.1664 
validation (Epoch 3) -- average_loss: 0.4761 -- label_loss: 0.4761 -- accuracy: 0.8020 -- balanced_accuracy: 0.8020 -- auc: 0.8975 -- auc_roc: 0.8975 -- f1_score: 0.7755 -- precision: 0.8953 -- recall: 0.6840 -- time: 7.0827 
train (Epoch 4) -- average_loss: 0.2518 -- label_loss: 0.2518 -- accuracy: 0.8993 -- balanced_accuracy: 0.8993 -- auc: 0.9608 -- auc_roc: 0.9608 -- f1_score: 0.8986 -- precision: 0.9056 -- recall: 0.8917 -- time: 138.2025 
validation (Epoch 4) -- average_loss: 0.4361 -- label_loss: 0.4361 -- accuracy: 0.8180 -- balanced_accuracy: 0.8180 -- auc: 0.8955 -- auc_roc: 0.8955 -- f1_score: 0.8139 -- precision: 0.8326 -- recall: 0.7960 -- time: 7.1436 
train (Epoch 5) -- average_loss: 0.1818 -- label_loss: 0.1818 -- accuracy: 0.9268 -- balanced_accuracy: 0.9268 -- auc: 0.9797 -- auc_roc: 0.9797 -- f1_score: 0.9266 -- precision: 0.9301 -- recall: 0.9230 -- time: 138.7735 
validation (Epoch 5) -- average_loss: 0.4845 -- label_loss: 0.4845 -- accuracy: 0.8090 -- balanced_accuracy: 0.8090 -- auc: 0.9029 -- auc_roc: 0.9029 -- f1_score: 0.8107 -- precision: 0.8035 -- recall: 0.8180 -- time: 7.1502 
train (Epoch 6) -- average_loss: 0.1494 -- label_loss: 0.1494 -- accuracy: 0.9467 -- balanced_accuracy: 0.9467 -- auc: 0.9858 -- auc_roc: 0.9858 -- f1_score: 0.9467 -- precision: 0.9464 -- recall: 0.9470 -- time: 139.0698 
validation (Epoch 6) -- average_loss: 0.7928 -- label_loss: 0.7928 -- accuracy: 0.7570 -- balanced_accuracy: 0.7570 -- auc: 0.8949 -- auc_roc: 0.8949 -- f1_score: 0.7896 -- precision: 0.6962 -- recall: 0.9120 -- time: 7.1877 
train (Epoch 7) -- average_loss: 0.1399 -- label_loss: 0.1399 -- accuracy: 0.9418 -- balanced_accuracy: 0.9418 -- auc: 0.9879 -- auc_roc: 0.9879 -- f1_score: 0.9418 -- precision: 0.9423 -- recall: 0.9413 -- time: 139.3824 
validation (Epoch 7) -- average_loss: 0.6581 -- label_loss: 0.6581 -- accuracy: 0.7360 -- balanced_accuracy: 0.7360 -- auc: 0.9194 -- auc_roc: 0.9194 -- f1_score: 0.7818 -- precision: 0.6662 -- recall: 0.9460 -- time: 7.2094 
train (Epoch 8) -- average_loss: 0.1160 -- label_loss: 0.1160 -- accuracy: 0.9540 -- balanced_accuracy: 0.9540 -- auc: 0.9917 -- auc_roc: 0.9917 -- f1_score: 0.9539 -- precision: 0.9555 -- recall: 0.9523 -- time: 139.6728 
validation (Epoch 8) -- average_loss: 0.4383 -- label_loss: 0.4383 -- accuracy: 0.8320 -- balanced_accuracy: 0.8320 -- auc: 0.9250 -- auc_roc: 0.9250 -- f1_score: 0.8406 -- precision: 0.7996 -- recall: 0.8860 -- time: 7.2652 
train (Epoch 9) -- average_loss: 0.0991 -- label_loss: 0.0991 -- accuracy: 0.9618 -- balanced_accuracy: 0.9618 -- auc: 0.9938 -- auc_roc: 0.9938 -- f1_score: 0.9617 -- precision: 0.9642 -- recall: 0.9593 -- time: 139.6535 
validation (Epoch 9) -- average_loss: 0.5245 -- label_loss: 0.5245 -- accuracy: 0.8250 -- balanced_accuracy: 0.8250 -- auc: 0.9186 -- auc_roc: 0.9186 -- f1_score: 0.8363 -- precision: 0.7856 -- recall: 0.8940 -- time: 7.2032 
train (Epoch 10) -- average_loss: 0.0736 -- label_loss: 0.0736 -- accuracy: 0.9732 -- balanced_accuracy: 0.9732 -- auc: 0.9965 -- auc_roc: 0.9965 -- f1_score: 0.9731 -- precision: 0.9759 -- recall: 0.9703 -- time: 140.4494 
validation (Epoch 10) -- average_loss: 0.5763 -- label_loss: 0.5763 -- accuracy: 0.8330 -- balanced_accuracy: 0.8330 -- auc: 0.9111 -- auc_roc: 0.9111 -- f1_score: 0.8244 -- precision: 0.8692 -- recall: 0.7840 -- time: 7.1972 
train (Epoch 11) -- average_loss: 0.0763 -- label_loss: 0.0763 -- accuracy: 0.9717 -- balanced_accuracy: 0.9717 -- auc: 0.9961 -- auc_roc: 0.9961 -- f1_score: 0.9717 -- precision: 0.9704 -- recall: 0.9730 -- time: 140.1969 
validation (Epoch 11) -- average_loss: 0.5008 -- label_loss: 0.5008 -- accuracy: 0.8230 -- balanced_accuracy: 0.8230 -- auc: 0.9181 -- auc_roc: 0.9181 -- f1_score: 0.8316 -- precision: 0.7931 -- recall: 0.8740 -- time: 7.2377 
train (Epoch 12) -- average_loss: 0.0722 -- label_loss: 0.0722 -- accuracy: 0.9713 -- balanced_accuracy: 0.9713 -- auc: 0.9966 -- auc_roc: 0.9966 -- f1_score: 0.9714 -- precision: 0.9701 -- recall: 0.9727 -- time: 140.0951 
validation (Epoch 12) -- average_loss: 0.4791 -- label_loss: 0.4791 -- accuracy: 0.8380 -- balanced_accuracy: 0.8380 -- auc: 0.9306 -- auc_roc: 0.9306 -- f1_score: 0.8466 -- precision: 0.8040 -- recall: 0.8940 -- time: 7.2149 
train (Epoch 13) -- average_loss: 0.0577 -- label_loss: 0.0577 -- accuracy: 0.9778 -- balanced_accuracy: 0.9778 -- auc: 0.9978 -- auc_roc: 0.9978 -- f1_score: 0.9778 -- precision: 0.9780 -- recall: 0.9777 -- time: 139.8823 
validation (Epoch 13) -- average_loss: 0.7055 -- label_loss: 0.7055 -- accuracy: 0.8280 -- balanced_accuracy: 0.8280 -- auc: 0.9052 -- auc_roc: 0.9052 -- f1_score: 0.8197 -- precision: 0.8612 -- recall: 0.7820 -- time: 7.2649 
train (Epoch 14) -- average_loss: 0.0611 -- label_loss: 0.0611 -- accuracy: 0.9782 -- balanced_accuracy: 0.9782 -- auc: 0.9975 -- auc_roc: 0.9975 -- f1_score: 0.9782 -- precision: 0.9771 -- recall: 0.9793 -- time: 139.8354 
validation (Epoch 14) -- average_loss: 0.5441 -- label_loss: 0.5441 -- accuracy: 0.8390 -- balanced_accuracy: 0.8390 -- auc: 0.9085 -- auc_roc: 0.9085 -- f1_score: 0.8328 -- precision: 0.8661 -- recall: 0.8020 -- time: 7.2232 
train (Epoch 15) -- average_loss: 0.0498 -- label_loss: 0.0498 -- accuracy: 0.9815 -- balanced_accuracy: 0.9815 -- auc: 0.9983 -- auc_roc: 0.9983 -- f1_score: 0.9815 -- precision: 0.9833 -- recall: 0.9797 -- time: 139.8610 
validation (Epoch 15) -- average_loss: 0.5703 -- label_loss: 0.5703 -- accuracy: 0.8490 -- balanced_accuracy: 0.8490 -- auc: 0.9271 -- auc_roc: 0.9271 -- f1_score: 0.8555 -- precision: 0.8202 -- recall: 0.8940 -- time: 7.2464 
train (Epoch 16) -- average_loss: 0.0616 -- label_loss: 0.0616 -- accuracy: 0.9790 -- balanced_accuracy: 0.9790 -- auc: 0.9973 -- auc_roc: 0.9973 -- f1_score: 0.9790 -- precision: 0.9812 -- recall: 0.9767 -- time: 139.8488 
validation (Epoch 16) -- average_loss: 0.7007 -- label_loss: 0.7007 -- accuracy: 0.8170 -- balanced_accuracy: 0.8170 -- auc: 0.9050 -- auc_roc: 0.9050 -- f1_score: 0.8072 -- precision: 0.8530 -- recall: 0.7660 -- time: 7.2882 
train (Epoch 17) -- average_loss: 0.0475 -- label_loss: 0.0475 -- accuracy: 0.9828 -- balanced_accuracy: 0.9828 -- auc: 0.9985 -- auc_roc: 0.9985 -- f1_score: 0.9829 -- precision: 0.9811 -- recall: 0.9847 -- time: 140.0853 
validation (Epoch 17) -- average_loss: 0.8761 -- label_loss: 0.8761 -- accuracy: 0.8090 -- balanced_accuracy: 0.8090 -- auc: 0.9096 -- auc_roc: 0.9096 -- f1_score: 0.7866 -- precision: 0.8911 -- recall: 0.7040 -- time: 7.2633 
train (Epoch 18) -- average_loss: 0.0537 -- label_loss: 0.0537 -- accuracy: 0.9805 -- balanced_accuracy: 0.9805 -- auc: 0.9980 -- auc_roc: 0.9980 -- f1_score: 0.9805 -- precision: 0.9816 -- recall: 0.9793 -- time: 139.8849 
validation (Epoch 18) -- average_loss: 0.5718 -- label_loss: 0.5718 -- accuracy: 0.8540 -- balanced_accuracy: 0.8540 -- auc: 0.9202 -- auc_roc: 0.9202 -- f1_score: 0.8543 -- precision: 0.8526 -- recall: 0.8560 -- time: 7.1909 
train (Epoch 19) -- average_loss: 0.0392 -- label_loss: 0.0392 -- accuracy: 0.9855 -- balanced_accuracy: 0.9855 -- auc: 0.9989 -- auc_roc: 0.9989 -- f1_score: 0.9855 -- precision: 0.9870 -- recall: 0.9840 -- time: 139.8112 
validation (Epoch 19) -- average_loss: 0.6409 -- label_loss: 0.6409 -- accuracy: 0.8440 -- balanced_accuracy: 0.8440 -- auc: 0.9209 -- auc_roc: 0.9209 -- f1_score: 0.8500 -- precision: 0.8185 -- recall: 0.8840 -- time: 7.2062 
train (Epoch 20) -- average_loss: 0.0428 -- label_loss: 0.0428 -- accuracy: 0.9855 -- balanced_accuracy: 0.9855 -- auc: 0.9987 -- auc_roc: 0.9987 -- f1_score: 0.9855 -- precision: 0.9860 -- recall: 0.9850 -- time: 139.7608 
validation (Epoch 20) -- average_loss: 0.7697 -- label_loss: 0.7697 -- accuracy: 0.8240 -- balanced_accuracy: 0.8240 -- auc: 0.9170 -- auc_roc: 0.9170 -- f1_score: 0.8364 -- precision: 0.7812 -- recall: 0.9000 -- time: 7.2427 
test -- average_loss: 1.0527 -- label_loss: 1.0527 -- accuracy: 0.7080 -- balanced_accuracy: 0.7080 -- auc: 0.8174 -- auc_roc: 0.8174 -- f1_score: 0.6605 -- precision: 0.7889 -- recall: 0.5680 -- time: 27.7044 
[dann_generalization: train, real: 3000, fake_per_domain: 750] {'FaceShifter': {'real': 0, 'fake': 750}, 'Original': {'real': 3000, 'fake': 0}, 'Face2Face': {'real': 0, 'fake': 750}, 'FaceSwap': {'real': 0, 'fake': 750}, 'NeuralTextures': {'real': 0, 'fake': 750}}
[dann_generalization: val, real: 500, fake_per_domain: 125] {'Original': {'real': 500, 'fake': 0}, 'Face2Face': {'real': 0, 'fake': 125}, 'NeuralTextures': {'real': 0, 'fake': 125}, 'FaceShifter': {'real': 0, 'fake': 125}, 'FaceSwap': {'real': 0, 'fake': 125}}
[dann_generalization: test] {'Deepfakes': {'real': 0, 'fake': 750}, 'Original': {'real': 750, 'fake': 0}}
train (Epoch 1) -- average_loss: 0.7373 -- label_loss: 0.6099 -- accuracy: 0.6612 -- balanced_accuracy: 0.6612 -- auc: 0.7254 -- auc_roc: 0.7254 -- f1_score: 0.6659 -- precision: 0.6567 -- recall: 0.6753 -- time: 155.0747 -- domain_loss: 1.2742 -- domain_accuracy: 0.4203 
validation (Epoch 1) -- average_loss: 0.6562 -- label_loss: 0.5381 -- accuracy: 0.7450 -- balanced_accuracy: 0.7450 -- auc: 0.8379 -- auc_roc: 0.8379 -- f1_score: 0.7675 -- precision: 0.7052 -- recall: 0.8420 -- time: 13.4362 -- domain_loss: 1.1827 -- domain_accuracy: 0.4960 
train (Epoch 2) -- average_loss: 0.5217 -- label_loss: 0.4302 -- accuracy: 0.8033 -- balanced_accuracy: 0.8033 -- auc: 0.8831 -- auc_roc: 0.8831 -- f1_score: 0.8017 -- precision: 0.8083 -- recall: 0.7953 -- time: 139.2496 -- domain_loss: 0.9161 -- domain_accuracy: 0.6247 
validation (Epoch 2) -- average_loss: 0.4821 -- label_loss: 0.4049 -- accuracy: 0.8170 -- balanced_accuracy: 0.8170 -- auc: 0.8977 -- auc_roc: 0.8977 -- f1_score: 0.8228 -- precision: 0.7974 -- recall: 0.8500 -- time: 7.1342 -- domain_loss: 0.7724 -- domain_accuracy: 0.7000 
train (Epoch 3) -- average_loss: 0.3910 -- label_loss: 0.3177 -- accuracy: 0.8663 -- balanced_accuracy: 0.8663 -- auc: 0.9378 -- auc_roc: 0.9378 -- f1_score: 0.8658 -- precision: 0.8693 -- recall: 0.8623 -- time: 138.3914 -- domain_loss: 0.7328 -- domain_accuracy: 0.7133 
validation (Epoch 3) -- average_loss: 0.5583 -- label_loss: 0.4828 -- accuracy: 0.8180 -- balanced_accuracy: 0.8180 -- auc: 0.8738 -- auc_roc: 0.8738 -- f1_score: 0.8076 -- precision: 0.8565 -- recall: 0.7640 -- time: 7.1343 -- domain_loss: 0.7571 -- domain_accuracy: 0.6940 
train (Epoch 4) -- average_loss: 0.3210 -- label_loss: 0.2549 -- accuracy: 0.8960 -- balanced_accuracy: 0.8960 -- auc: 0.9605 -- auc_roc: 0.9605 -- f1_score: 0.8956 -- precision: 0.8992 -- recall: 0.8920 -- time: 139.5127 -- domain_loss: 0.6617 -- domain_accuracy: 0.7547 
validation (Epoch 4) -- average_loss: 0.4778 -- label_loss: 0.4100 -- accuracy: 0.8240 -- balanced_accuracy: 0.8240 -- auc: 0.9071 -- auc_roc: 0.9071 -- f1_score: 0.8264 -- precision: 0.8152 -- recall: 0.8380 -- time: 7.1859 -- domain_loss: 0.6845 -- domain_accuracy: 0.7000 
train (Epoch 5) -- average_loss: 0.2584 -- label_loss: 0.1919 -- accuracy: 0.9218 -- balanced_accuracy: 0.9218 -- auc: 0.9773 -- auc_roc: 0.9773 -- f1_score: 0.9213 -- precision: 0.9274 -- recall: 0.9153 -- time: 140.3251 -- domain_loss: 0.6653 -- domain_accuracy: 0.7403 
validation (Epoch 5) -- average_loss: 0.6500 -- label_loss: 0.5825 -- accuracy: 0.7920 -- balanced_accuracy: 0.7920 -- auc: 0.8996 -- auc_roc: 0.8996 -- f1_score: 0.7536 -- precision: 0.9244 -- recall: 0.6360 -- time: 7.2472 -- domain_loss: 0.6797 -- domain_accuracy: 0.7560 
train (Epoch 6) -- average_loss: 0.2378 -- label_loss: 0.1645 -- accuracy: 0.9365 -- balanced_accuracy: 0.9365 -- auc: 0.9832 -- auc_roc: 0.9832 -- f1_score: 0.9366 -- precision: 0.9349 -- recall: 0.9383 -- time: 140.9416 -- domain_loss: 0.7306 -- domain_accuracy: 0.6943 
validation (Epoch 6) -- average_loss: 0.5014 -- label_loss: 0.4331 -- accuracy: 0.8310 -- balanced_accuracy: 0.8310 -- auc: 0.9132 -- auc_roc: 0.9132 -- f1_score: 0.8298 -- precision: 0.8357 -- recall: 0.8240 -- time: 7.2397 -- domain_loss: 0.6874 -- domain_accuracy: 0.7460 
train (Epoch 7) -- average_loss: 0.1940 -- label_loss: 0.1249 -- accuracy: 0.9515 -- balanced_accuracy: 0.9515 -- auc: 0.9902 -- auc_roc: 0.9902 -- f1_score: 0.9516 -- precision: 0.9496 -- recall: 0.9537 -- time: 141.4719 -- domain_loss: 0.6841 -- domain_accuracy: 0.7293 
validation (Epoch 7) -- average_loss: 0.6175 -- label_loss: 0.5231 -- accuracy: 0.8150 -- balanced_accuracy: 0.8150 -- auc: 0.9098 -- auc_roc: 0.9098 -- f1_score: 0.8289 -- precision: 0.7711 -- recall: 0.8960 -- time: 7.2891 -- domain_loss: 0.9539 -- domain_accuracy: 0.6420 
train (Epoch 8) -- average_loss: 0.1993 -- label_loss: 0.1198 -- accuracy: 0.9543 -- balanced_accuracy: 0.9543 -- auc: 0.9910 -- auc_roc: 0.9910 -- f1_score: 0.9543 -- precision: 0.9546 -- recall: 0.9540 -- time: 141.2702 -- domain_loss: 0.7920 -- domain_accuracy: 0.6753 
validation (Epoch 8) -- average_loss: 0.5200 -- label_loss: 0.4350 -- accuracy: 0.8430 -- balanced_accuracy: 0.8430 -- auc: 0.9288 -- auc_roc: 0.9288 -- f1_score: 0.8495 -- precision: 0.8158 -- recall: 0.8860 -- time: 7.2985 -- domain_loss: 0.8567 -- domain_accuracy: 0.6600 
train (Epoch 9) -- average_loss: 0.2076 -- label_loss: 0.1085 -- accuracy: 0.9573 -- balanced_accuracy: 0.9573 -- auc: 0.9926 -- auc_roc: 0.9926 -- f1_score: 0.9572 -- precision: 0.9592 -- recall: 0.9553 -- time: 141.2079 -- domain_loss: 0.9837 -- domain_accuracy: 0.5913 
validation (Epoch 9) -- average_loss: 0.5442 -- label_loss: 0.4577 -- accuracy: 0.8390 -- balanced_accuracy: 0.8390 -- auc: 0.9196 -- auc_roc: 0.9196 -- f1_score: 0.8385 -- precision: 0.8410 -- recall: 0.8360 -- time: 7.2974 -- domain_loss: 0.8707 -- domain_accuracy: 0.6700 
train (Epoch 10) -- average_loss: 0.1950 -- label_loss: 0.0923 -- accuracy: 0.9655 -- balanced_accuracy: 0.9655 -- auc: 0.9946 -- auc_roc: 0.9946 -- f1_score: 0.9655 -- precision: 0.9650 -- recall: 0.9660 -- time: 141.7442 -- domain_loss: 1.0209 -- domain_accuracy: 0.5550 
validation (Epoch 10) -- average_loss: 0.5347 -- label_loss: 0.4469 -- accuracy: 0.8330 -- balanced_accuracy: 0.8330 -- auc: 0.9211 -- auc_roc: 0.9211 -- f1_score: 0.8399 -- precision: 0.8066 -- recall: 0.8760 -- time: 7.3117 -- domain_loss: 0.8787 -- domain_accuracy: 0.6860 
train (Epoch 11) -- average_loss: 0.1688 -- label_loss: 0.0738 -- accuracy: 0.9735 -- balanced_accuracy: 0.9735 -- auc: 0.9963 -- auc_roc: 0.9963 -- f1_score: 0.9735 -- precision: 0.9740 -- recall: 0.9730 -- time: 141.0205 -- domain_loss: 0.9496 -- domain_accuracy: 0.5943 
validation (Epoch 11) -- average_loss: 0.8028 -- label_loss: 0.6966 -- accuracy: 0.8070 -- balanced_accuracy: 0.8070 -- auc: 0.9096 -- auc_roc: 0.9096 -- f1_score: 0.8234 -- precision: 0.7589 -- recall: 0.9000 -- time: 7.2977 -- domain_loss: 1.0695 -- domain_accuracy: 0.4980 
train (Epoch 12) -- average_loss: 0.1800 -- label_loss: 0.0696 -- accuracy: 0.9743 -- balanced_accuracy: 0.9743 -- auc: 0.9967 -- auc_roc: 0.9967 -- f1_score: 0.9743 -- precision: 0.9743 -- recall: 0.9743 -- time: 141.5649 -- domain_loss: 1.1042 -- domain_accuracy: 0.5147 
validation (Epoch 12) -- average_loss: 0.5810 -- label_loss: 0.4830 -- accuracy: 0.8500 -- balanced_accuracy: 0.8500 -- auc: 0.9279 -- auc_roc: 0.9279 -- f1_score: 0.8469 -- precision: 0.8646 -- recall: 0.8300 -- time: 7.3145 -- domain_loss: 0.9838 -- domain_accuracy: 0.6180 
train (Epoch 13) -- average_loss: 0.1696 -- label_loss: 0.0583 -- accuracy: 0.9785 -- balanced_accuracy: 0.9785 -- auc: 0.9975 -- auc_roc: 0.9975 -- f1_score: 0.9785 -- precision: 0.9796 -- recall: 0.9773 -- time: 141.3163 -- domain_loss: 1.1081 -- domain_accuracy: 0.5137 
validation (Epoch 13) -- average_loss: 0.9210 -- label_loss: 0.8190 -- accuracy: 0.7820 -- balanced_accuracy: 0.7820 -- auc: 0.9030 -- auc_roc: 0.9030 -- f1_score: 0.8084 -- precision: 0.7210 -- recall: 0.9200 -- time: 7.5378 -- domain_loss: 1.0220 -- domain_accuracy: 0.6140 
train (Epoch 14) -- average_loss: 0.1732 -- label_loss: 0.0668 -- accuracy: 0.9770 -- balanced_accuracy: 0.9770 -- auc: 0.9968 -- auc_roc: 0.9968 -- f1_score: 0.9770 -- precision: 0.9767 -- recall: 0.9773 -- time: 142.3916 -- domain_loss: 1.0590 -- domain_accuracy: 0.5410 
validation (Epoch 14) -- average_loss: 0.6672 -- label_loss: 0.5578 -- accuracy: 0.8410 -- balanced_accuracy: 0.8410 -- auc: 0.9223 -- auc_roc: 0.9223 -- f1_score: 0.8452 -- precision: 0.8235 -- recall: 0.8680 -- time: 7.2741 -- domain_loss: 1.1002 -- domain_accuracy: 0.5480 
train (Epoch 15) -- average_loss: 0.1723 -- label_loss: 0.0570 -- accuracy: 0.9797 -- balanced_accuracy: 0.9797 -- auc: 0.9978 -- auc_roc: 0.9978 -- f1_score: 0.9796 -- precision: 0.9806 -- recall: 0.9787 -- time: 140.7581 -- domain_loss: 1.1486 -- domain_accuracy: 0.4907 
validation (Epoch 15) -- average_loss: 0.6261 -- label_loss: 0.4995 -- accuracy: 0.8360 -- balanced_accuracy: 0.8360 -- auc: 0.9285 -- auc_roc: 0.9285 -- f1_score: 0.8405 -- precision: 0.8182 -- recall: 0.8640 -- time: 7.2197 -- domain_loss: 1.2710 -- domain_accuracy: 0.4880 
train (Epoch 16) -- average_loss: 0.1732 -- label_loss: 0.0546 -- accuracy: 0.9793 -- balanced_accuracy: 0.9793 -- auc: 0.9981 -- auc_roc: 0.9981 -- f1_score: 0.9793 -- precision: 0.9797 -- recall: 0.9790 -- time: 141.8677 -- domain_loss: 1.1780 -- domain_accuracy: 0.4813 
validation (Epoch 16) -- average_loss: 0.6276 -- label_loss: 0.5188 -- accuracy: 0.8450 -- balanced_accuracy: 0.8450 -- auc: 0.9284 -- auc_roc: 0.9284 -- f1_score: 0.8452 -- precision: 0.8443 -- recall: 0.8460 -- time: 7.2434 -- domain_loss: 1.0922 -- domain_accuracy: 0.6140 
train (Epoch 17) -- average_loss: 0.1663 -- label_loss: 0.0485 -- accuracy: 0.9827 -- balanced_accuracy: 0.9827 -- auc: 0.9982 -- auc_roc: 0.9982 -- f1_score: 0.9826 -- precision: 0.9849 -- recall: 0.9803 -- time: 140.9319 -- domain_loss: 1.1769 -- domain_accuracy: 0.5063 
validation (Epoch 17) -- average_loss: 0.6147 -- label_loss: 0.5034 -- accuracy: 0.8480 -- balanced_accuracy: 0.8480 -- auc: 0.9323 -- auc_roc: 0.9323 -- f1_score: 0.8449 -- precision: 0.8625 -- recall: 0.8280 -- time: 7.3628 -- domain_loss: 1.1138 -- domain_accuracy: 0.5620 
test -- average_loss: 0.8985 -- label_loss: 0.8985 -- accuracy: 0.7167 -- balanced_accuracy: 0.7167 -- auc: 0.8227 -- auc_roc: 0.8227 -- f1_score: 0.6728 -- precision: 0.7960 -- recall: 0.5827 -- time: 27.8196 
[baseline: train] {'Original': {'real': 3000, 'fake': 0}, 'FaceSwap': {'real': 0, 'fake': 750}, 'Face2Face': {'real': 0, 'fake': 750}, 'NeuralTextures': {'real': 0, 'fake': 750}, 'FaceShifter': {'real': 0, 'fake': 750}}
[baseline: val] {'Original': {'real': 500, 'fake': 0}, 'FaceSwap': {'real': 0, 'fake': 125}, 'NeuralTextures': {'real': 0, 'fake': 125}, 'Face2Face': {'real': 0, 'fake': 125}, 'FaceShifter': {'real': 0, 'fake': 125}}
[baseline: test] {'Deepfakes': {'real': 0, 'fake': 750}, 'Original': {'real': 750, 'fake': 0}}
train (Epoch 1) -- average_loss: 0.6032 -- label_loss: 0.6032 -- accuracy: 0.6677 -- balanced_accuracy: 0.6677 -- auc: 0.7337 -- auc_roc: 0.7337 -- f1_score: 0.6561 -- precision: 0.6798 -- recall: 0.6340 -- time: 153.3475 
validation (Epoch 1) -- average_loss: 0.5549 -- label_loss: 0.5549 -- accuracy: 0.7290 -- balanced_accuracy: 0.7290 -- auc: 0.8350 -- auc_roc: 0.8350 -- f1_score: 0.6600 -- precision: 0.8855 -- recall: 0.5260 -- time: 13.2859 
train (Epoch 2) -- average_loss: 0.4283 -- label_loss: 0.4283 -- accuracy: 0.8015 -- balanced_accuracy: 0.8015 -- auc: 0.8843 -- auc_roc: 0.8843 -- f1_score: 0.8001 -- precision: 0.8057 -- recall: 0.7947 -- time: 137.9837 
validation (Epoch 2) -- average_loss: 0.6659 -- label_loss: 0.6659 -- accuracy: 0.7190 -- balanced_accuracy: 0.7190 -- auc: 0.8720 -- auc_roc: 0.8720 -- f1_score: 0.6258 -- precision: 0.9363 -- recall: 0.4700 -- time: 7.0437 
train (Epoch 3) -- average_loss: 0.3162 -- label_loss: 0.3162 -- accuracy: 0.8585 -- balanced_accuracy: 0.8585 -- auc: 0.9384 -- auc_roc: 0.9384 -- f1_score: 0.8571 -- precision: 0.8654 -- recall: 0.8490 -- time: 136.7657 
validation (Epoch 3) -- average_loss: 0.4907 -- label_loss: 0.4907 -- accuracy: 0.7820 -- balanced_accuracy: 0.7820 -- auc: 0.9005 -- auc_roc: 0.9005 -- f1_score: 0.7429 -- precision: 0.9052 -- recall: 0.6300 -- time: 7.0270 
train (Epoch 4) -- average_loss: 0.2376 -- label_loss: 0.2376 -- accuracy: 0.9013 -- balanced_accuracy: 0.9013 -- auc: 0.9655 -- auc_roc: 0.9655 -- f1_score: 0.9005 -- precision: 0.9081 -- recall: 0.8930 -- time: 138.0098 
validation (Epoch 4) -- average_loss: 0.5272 -- label_loss: 0.5272 -- accuracy: 0.8070 -- balanced_accuracy: 0.8070 -- auc: 0.8963 -- auc_roc: 0.8963 -- f1_score: 0.7881 -- precision: 0.8735 -- recall: 0.7180 -- time: 7.1481 
train (Epoch 5) -- average_loss: 0.1860 -- label_loss: 0.1860 -- accuracy: 0.9268 -- balanced_accuracy: 0.9268 -- auc: 0.9788 -- auc_roc: 0.9788 -- f1_score: 0.9270 -- precision: 0.9253 -- recall: 0.9287 -- time: 138.9343 
validation (Epoch 5) -- average_loss: 0.4541 -- label_loss: 0.4541 -- accuracy: 0.8260 -- balanced_accuracy: 0.8260 -- auc: 0.9309 -- auc_roc: 0.9309 -- f1_score: 0.8005 -- precision: 0.9382 -- recall: 0.6980 -- time: 7.1394 
train (Epoch 6) -- average_loss: 0.1425 -- label_loss: 0.1425 -- accuracy: 0.9450 -- balanced_accuracy: 0.9450 -- auc: 0.9874 -- auc_roc: 0.9874 -- f1_score: 0.9448 -- precision: 0.9486 -- recall: 0.9410 -- time: 138.9743 
validation (Epoch 6) -- average_loss: 0.6079 -- label_loss: 0.6079 -- accuracy: 0.7840 -- balanced_accuracy: 0.7840 -- auc: 0.9255 -- auc_roc: 0.9255 -- f1_score: 0.8163 -- precision: 0.7101 -- recall: 0.9600 -- time: 7.1550 
train (Epoch 7) -- average_loss: 0.1205 -- label_loss: 0.1205 -- accuracy: 0.9548 -- balanced_accuracy: 0.9548 -- auc: 0.9909 -- auc_roc: 0.9909 -- f1_score: 0.9548 -- precision: 0.9553 -- recall: 0.9543 -- time: 139.2687 
validation (Epoch 7) -- average_loss: 0.5404 -- label_loss: 0.5404 -- accuracy: 0.8400 -- balanced_accuracy: 0.8400 -- auc: 0.9170 -- auc_roc: 0.9170 -- f1_score: 0.8319 -- precision: 0.8761 -- recall: 0.7920 -- time: 7.1652 
train (Epoch 8) -- average_loss: 0.1092 -- label_loss: 0.1092 -- accuracy: 0.9587 -- balanced_accuracy: 0.9587 -- auc: 0.9924 -- auc_roc: 0.9924 -- f1_score: 0.9586 -- precision: 0.9596 -- recall: 0.9577 -- time: 140.1602 
validation (Epoch 8) -- average_loss: 0.6381 -- label_loss: 0.6381 -- accuracy: 0.7850 -- balanced_accuracy: 0.7850 -- auc: 0.9141 -- auc_roc: 0.9141 -- f1_score: 0.8126 -- precision: 0.7202 -- recall: 0.9320 -- time: 7.2168 
train (Epoch 9) -- average_loss: 0.0904 -- label_loss: 0.0904 -- accuracy: 0.9668 -- balanced_accuracy: 0.9668 -- auc: 0.9947 -- auc_roc: 0.9947 -- f1_score: 0.9668 -- precision: 0.9682 -- recall: 0.9653 -- time: 140.2473 
validation (Epoch 9) -- average_loss: 0.6166 -- label_loss: 0.6166 -- accuracy: 0.8480 -- balanced_accuracy: 0.8480 -- auc: 0.9260 -- auc_roc: 0.9260 -- f1_score: 0.8386 -- precision: 0.8937 -- recall: 0.7900 -- time: 7.2216 
train (Epoch 10) -- average_loss: 0.0840 -- label_loss: 0.0840 -- accuracy: 0.9675 -- balanced_accuracy: 0.9675 -- auc: 0.9956 -- auc_roc: 0.9956 -- f1_score: 0.9675 -- precision: 0.9670 -- recall: 0.9680 -- time: 140.0876 
validation (Epoch 10) -- average_loss: 0.5570 -- label_loss: 0.5570 -- accuracy: 0.8430 -- balanced_accuracy: 0.8430 -- auc: 0.9256 -- auc_roc: 0.9256 -- f1_score: 0.8363 -- precision: 0.8736 -- recall: 0.8020 -- time: 7.2156 
train (Epoch 11) -- average_loss: 0.0751 -- label_loss: 0.0751 -- accuracy: 0.9732 -- balanced_accuracy: 0.9732 -- auc: 0.9961 -- auc_roc: 0.9961 -- f1_score: 0.9732 -- precision: 0.9733 -- recall: 0.9730 -- time: 140.5585 
validation (Epoch 11) -- average_loss: 0.6199 -- label_loss: 0.6199 -- accuracy: 0.8370 -- balanced_accuracy: 0.8370 -- auc: 0.9250 -- auc_roc: 0.9250 -- f1_score: 0.8249 -- precision: 0.8910 -- recall: 0.7680 -- time: 7.2583 
train (Epoch 12) -- average_loss: 0.0686 -- label_loss: 0.0686 -- accuracy: 0.9743 -- balanced_accuracy: 0.9743 -- auc: 0.9970 -- auc_roc: 0.9970 -- f1_score: 0.9743 -- precision: 0.9753 -- recall: 0.9733 -- time: 139.9479 
validation (Epoch 12) -- average_loss: 0.6173 -- label_loss: 0.6173 -- accuracy: 0.8470 -- balanced_accuracy: 0.8470 -- auc: 0.9270 -- auc_roc: 0.9270 -- f1_score: 0.8507 -- precision: 0.8305 -- recall: 0.8720 -- time: 7.2271 
train (Epoch 13) -- average_loss: 0.0625 -- label_loss: 0.0625 -- accuracy: 0.9775 -- balanced_accuracy: 0.9775 -- auc: 0.9973 -- auc_roc: 0.9973 -- f1_score: 0.9775 -- precision: 0.9796 -- recall: 0.9753 -- time: 139.9256 
validation (Epoch 13) -- average_loss: 0.4498 -- label_loss: 0.4498 -- accuracy: 0.8590 -- balanced_accuracy: 0.8590 -- auc: 0.9384 -- auc_roc: 0.9384 -- f1_score: 0.8589 -- precision: 0.8597 -- recall: 0.8580 -- time: 7.2231 
train (Epoch 14) -- average_loss: 0.0475 -- label_loss: 0.0475 -- accuracy: 0.9837 -- balanced_accuracy: 0.9837 -- auc: 0.9984 -- auc_roc: 0.9984 -- f1_score: 0.9836 -- precision: 0.9853 -- recall: 0.9820 -- time: 139.7751 
validation (Epoch 14) -- average_loss: 0.5774 -- label_loss: 0.5774 -- accuracy: 0.8590 -- balanced_accuracy: 0.8590 -- auc: 0.9288 -- auc_roc: 0.9288 -- f1_score: 0.8551 -- precision: 0.8795 -- recall: 0.8320 -- time: 7.2048 
train (Epoch 15) -- average_loss: 0.0695 -- label_loss: 0.0695 -- accuracy: 0.9740 -- balanced_accuracy: 0.9740 -- auc: 0.9969 -- auc_roc: 0.9969 -- f1_score: 0.9740 -- precision: 0.9734 -- recall: 0.9747 -- time: 139.9264 
validation (Epoch 15) -- average_loss: 0.4210 -- label_loss: 0.4210 -- accuracy: 0.8530 -- balanced_accuracy: 0.8530 -- auc: 0.9360 -- auc_roc: 0.9360 -- f1_score: 0.8486 -- precision: 0.8747 -- recall: 0.8240 -- time: 7.2417 
train (Epoch 16) -- average_loss: 0.0553 -- label_loss: 0.0553 -- accuracy: 0.9797 -- balanced_accuracy: 0.9797 -- auc: 0.9980 -- auc_roc: 0.9980 -- f1_score: 0.9797 -- precision: 0.9803 -- recall: 0.9790 -- time: 140.0172 
validation (Epoch 16) -- average_loss: 0.4966 -- label_loss: 0.4966 -- accuracy: 0.8370 -- balanced_accuracy: 0.8370 -- auc: 0.9293 -- auc_roc: 0.9293 -- f1_score: 0.8437 -- precision: 0.8103 -- recall: 0.8800 -- time: 7.2328 
train (Epoch 17) -- average_loss: 0.0556 -- label_loss: 0.0556 -- accuracy: 0.9810 -- balanced_accuracy: 0.9810 -- auc: 0.9978 -- auc_roc: 0.9978 -- f1_score: 0.9810 -- precision: 0.9807 -- recall: 0.9813 -- time: 139.9007 
validation (Epoch 17) -- average_loss: 0.8367 -- label_loss: 0.8367 -- accuracy: 0.8040 -- balanced_accuracy: 0.8040 -- auc: 0.9171 -- auc_roc: 0.9171 -- f1_score: 0.7737 -- precision: 0.9153 -- recall: 0.6700 -- time: 7.2035 
train (Epoch 18) -- average_loss: 0.0536 -- label_loss: 0.0536 -- accuracy: 0.9797 -- balanced_accuracy: 0.9797 -- auc: 0.9980 -- auc_roc: 0.9980 -- f1_score: 0.9797 -- precision: 0.9771 -- recall: 0.9823 -- time: 139.9353 
validation (Epoch 18) -- average_loss: 0.5156 -- label_loss: 0.5156 -- accuracy: 0.8430 -- balanced_accuracy: 0.8430 -- auc: 0.9272 -- auc_roc: 0.9272 -- f1_score: 0.8370 -- precision: 0.8704 -- recall: 0.8060 -- time: 7.2032 
test -- average_loss: 0.7308 -- label_loss: 0.7308 -- accuracy: 0.7667 -- balanced_accuracy: 0.7667 -- auc: 0.8661 -- auc_roc: 0.8661 -- f1_score: 0.7542 -- precision: 0.7967 -- recall: 0.7160 -- time: 27.7366 
[dann_generalization: train, real: 3000, fake_per_domain: 750] {'Original': {'real': 3000, 'fake': 0}, 'FaceSwap': {'real': 0, 'fake': 750}, 'Face2Face': {'real': 0, 'fake': 750}, 'NeuralTextures': {'real': 0, 'fake': 750}, 'FaceShifter': {'real': 0, 'fake': 750}}
[dann_generalization: val, real: 500, fake_per_domain: 125] {'Original': {'real': 500, 'fake': 0}, 'FaceSwap': {'real': 0, 'fake': 125}, 'NeuralTextures': {'real': 0, 'fake': 125}, 'Face2Face': {'real': 0, 'fake': 125}, 'FaceShifter': {'real': 0, 'fake': 125}}
[dann_generalization: test] {'Deepfakes': {'real': 0, 'fake': 750}, 'Original': {'real': 750, 'fake': 0}}
train (Epoch 1) -- average_loss: 0.7500 -- label_loss: 0.6212 -- accuracy: 0.6385 -- balanced_accuracy: 0.6385 -- auc: 0.7089 -- auc_roc: 0.7089 -- f1_score: 0.6364 -- precision: 0.6401 -- recall: 0.6327 -- time: 154.7961 -- domain_loss: 1.2907 -- domain_accuracy: 0.3997 
validation (Epoch 1) -- average_loss: 0.6262 -- label_loss: 0.5168 -- accuracy: 0.7620 -- balanced_accuracy: 0.7620 -- auc: 0.8362 -- auc_roc: 0.8362 -- f1_score: 0.7571 -- precision: 0.7729 -- recall: 0.7420 -- time: 13.4781 -- domain_loss: 1.0986 -- domain_accuracy: 0.5140 
train (Epoch 2) -- average_loss: 0.5512 -- label_loss: 0.4532 -- accuracy: 0.7918 -- balanced_accuracy: 0.7918 -- auc: 0.8701 -- auc_roc: 0.8701 -- f1_score: 0.7903 -- precision: 0.7963 -- recall: 0.7843 -- time: 141.1439 -- domain_loss: 0.9820 -- domain_accuracy: 0.5993 
validation (Epoch 2) -- average_loss: 0.5250 -- label_loss: 0.4327 -- accuracy: 0.7900 -- balanced_accuracy: 0.7900 -- auc: 0.8972 -- auc_roc: 0.8972 -- f1_score: 0.8105 -- precision: 0.7385 -- recall: 0.8980 -- time: 7.1263 -- domain_loss: 0.9215 -- domain_accuracy: 0.6360 
train (Epoch 3) -- average_loss: 0.4144 -- label_loss: 0.3306 -- accuracy: 0.8538 -- balanced_accuracy: 0.8538 -- auc: 0.9324 -- auc_roc: 0.9324 -- f1_score: 0.8516 -- precision: 0.8647 -- recall: 0.8390 -- time: 138.5908 -- domain_loss: 0.8404 -- domain_accuracy: 0.6577 
validation (Epoch 3) -- average_loss: 0.4573 -- label_loss: 0.3729 -- accuracy: 0.8370 -- balanced_accuracy: 0.8370 -- auc: 0.9127 -- auc_roc: 0.9127 -- f1_score: 0.8362 -- precision: 0.8404 -- recall: 0.8320 -- time: 7.1199 -- domain_loss: 0.8437 -- domain_accuracy: 0.6520 
train (Epoch 4) -- average_loss: 0.3345 -- label_loss: 0.2563 -- accuracy: 0.8985 -- balanced_accuracy: 0.8985 -- auc: 0.9598 -- auc_roc: 0.9598 -- f1_score: 0.8976 -- precision: 0.9059 -- recall: 0.8893 -- time: 140.0539 -- domain_loss: 0.7844 -- domain_accuracy: 0.6933 
validation (Epoch 4) -- average_loss: 0.4762 -- label_loss: 0.4080 -- accuracy: 0.8190 -- balanced_accuracy: 0.8190 -- auc: 0.9371 -- auc_roc: 0.9371 -- f1_score: 0.8391 -- precision: 0.7552 -- recall: 0.9440 -- time: 7.1908 -- domain_loss: 0.6832 -- domain_accuracy: 0.7420 
train (Epoch 5) -- average_loss: 0.2694 -- label_loss: 0.1934 -- accuracy: 0.9210 -- balanced_accuracy: 0.9210 -- auc: 0.9772 -- auc_roc: 0.9772 -- f1_score: 0.9207 -- precision: 0.9247 -- recall: 0.9167 -- time: 140.1689 -- domain_loss: 0.7561 -- domain_accuracy: 0.6957 
validation (Epoch 5) -- average_loss: 0.7565 -- label_loss: 0.6761 -- accuracy: 0.7640 -- balanced_accuracy: 0.7640 -- auc: 0.9185 -- auc_roc: 0.9185 -- f1_score: 0.8010 -- precision: 0.6924 -- recall: 0.9500 -- time: 7.2881 -- domain_loss: 0.8075 -- domain_accuracy: 0.6700 
train (Epoch 6) -- average_loss: 0.2291 -- label_loss: 0.1464 -- accuracy: 0.9427 -- balanced_accuracy: 0.9427 -- auc: 0.9867 -- auc_roc: 0.9867 -- f1_score: 0.9424 -- precision: 0.9462 -- recall: 0.9387 -- time: 140.6665 -- domain_loss: 0.8272 -- domain_accuracy: 0.6473 
validation (Epoch 6) -- average_loss: 0.6230 -- label_loss: 0.5386 -- accuracy: 0.7870 -- balanced_accuracy: 0.7870 -- auc: 0.9083 -- auc_roc: 0.9083 -- f1_score: 0.8079 -- precision: 0.7356 -- recall: 0.8960 -- time: 7.2425 -- domain_loss: 0.8469 -- domain_accuracy: 0.6380 
train (Epoch 7) -- average_loss: 0.2232 -- label_loss: 0.1341 -- accuracy: 0.9485 -- balanced_accuracy: 0.9485 -- auc: 0.9888 -- auc_roc: 0.9888 -- f1_score: 0.9483 -- precision: 0.9523 -- recall: 0.9443 -- time: 140.9695 -- domain_loss: 0.8832 -- domain_accuracy: 0.6433 
validation (Epoch 7) -- average_loss: 0.9078 -- label_loss: 0.7727 -- accuracy: 0.7740 -- balanced_accuracy: 0.7740 -- auc: 0.9163 -- auc_roc: 0.9163 -- f1_score: 0.8081 -- precision: 0.7021 -- recall: 0.9520 -- time: 7.2586 -- domain_loss: 1.3335 -- domain_accuracy: 0.5080 
train (Epoch 8) -- average_loss: 0.2154 -- label_loss: 0.1122 -- accuracy: 0.9570 -- balanced_accuracy: 0.9570 -- auc: 0.9920 -- auc_roc: 0.9920 -- f1_score: 0.9570 -- precision: 0.9567 -- recall: 0.9573 -- time: 141.3516 -- domain_loss: 1.0288 -- domain_accuracy: 0.5543 
validation (Epoch 8) -- average_loss: 0.6051 -- label_loss: 0.4945 -- accuracy: 0.8200 -- balanced_accuracy: 0.8200 -- auc: 0.9136 -- auc_roc: 0.9136 -- f1_score: 0.8324 -- precision: 0.7787 -- recall: 0.8940 -- time: 7.2750 -- domain_loss: 1.0999 -- domain_accuracy: 0.5580 
test -- average_loss: 0.5476 -- label_loss: 0.5476 -- accuracy: 0.7313 -- balanced_accuracy: 0.7313 -- auc: 0.8256 -- auc_roc: 0.8256 -- f1_score: 0.7030 -- precision: 0.7858 -- recall: 0.6360 -- time: 27.6118 
[baseline: train] {'FaceShifter': {'real': 0, 'fake': 750}, 'NeuralTextures': {'real': 0, 'fake': 750}, 'Original': {'real': 3000, 'fake': 0}, 'Face2Face': {'real': 0, 'fake': 750}, 'FaceSwap': {'real': 0, 'fake': 750}}
[baseline: val] {'Original': {'real': 500, 'fake': 0}, 'Face2Face': {'real': 0, 'fake': 125}, 'NeuralTextures': {'real': 0, 'fake': 125}, 'FaceSwap': {'real': 0, 'fake': 125}, 'FaceShifter': {'real': 0, 'fake': 125}}
[baseline: test] {'Original': {'real': 750, 'fake': 0}, 'Deepfakes': {'real': 0, 'fake': 750}}
train (Epoch 1) -- average_loss: 0.6250 -- label_loss: 0.6250 -- accuracy: 0.6423 -- balanced_accuracy: 0.6423 -- auc: 0.7035 -- auc_roc: 0.7035 -- f1_score: 0.6299 -- precision: 0.6526 -- recall: 0.6087 -- time: 153.3338 
validation (Epoch 1) -- average_loss: 0.7178 -- label_loss: 0.7178 -- accuracy: 0.6150 -- balanced_accuracy: 0.6150 -- auc: 0.7875 -- auc_roc: 0.7875 -- f1_score: 0.3879 -- precision: 0.9457 -- recall: 0.2440 -- time: 13.2660 
train (Epoch 2) -- average_loss: 0.4451 -- label_loss: 0.4451 -- accuracy: 0.7883 -- balanced_accuracy: 0.7883 -- auc: 0.8737 -- auc_roc: 0.8737 -- f1_score: 0.7883 -- precision: 0.7883 -- recall: 0.7883 -- time: 138.0351 
validation (Epoch 2) -- average_loss: 0.5341 -- label_loss: 0.5341 -- accuracy: 0.7460 -- balanced_accuracy: 0.7460 -- auc: 0.8750 -- auc_roc: 0.8750 -- f1_score: 0.6910 -- precision: 0.8820 -- recall: 0.5680 -- time: 7.0281 
train (Epoch 3) -- average_loss: 0.3327 -- label_loss: 0.3327 -- accuracy: 0.8577 -- balanced_accuracy: 0.8577 -- auc: 0.9324 -- auc_roc: 0.9324 -- f1_score: 0.8555 -- precision: 0.8690 -- recall: 0.8423 -- time: 137.3956 
validation (Epoch 3) -- average_loss: 0.5907 -- label_loss: 0.5907 -- accuracy: 0.7530 -- balanced_accuracy: 0.7530 -- auc: 0.8992 -- auc_roc: 0.8992 -- f1_score: 0.7947 -- precision: 0.6799 -- recall: 0.9560 -- time: 7.0592 
train (Epoch 4) -- average_loss: 0.2512 -- label_loss: 0.2512 -- accuracy: 0.8983 -- balanced_accuracy: 0.8983 -- auc: 0.9614 -- auc_roc: 0.9614 -- f1_score: 0.8980 -- precision: 0.9013 -- recall: 0.8947 -- time: 138.0810 
validation (Epoch 4) -- average_loss: 0.3676 -- label_loss: 0.3676 -- accuracy: 0.8250 -- balanced_accuracy: 0.8250 -- auc: 0.9188 -- auc_roc: 0.9188 -- f1_score: 0.8212 -- precision: 0.8392 -- recall: 0.8040 -- time: 7.1751 
train (Epoch 5) -- average_loss: 0.1972 -- label_loss: 0.1972 -- accuracy: 0.9242 -- balanced_accuracy: 0.9242 -- auc: 0.9759 -- auc_roc: 0.9759 -- f1_score: 0.9237 -- precision: 0.9295 -- recall: 0.9180 -- time: 138.5347 
validation (Epoch 5) -- average_loss: 0.4518 -- label_loss: 0.4518 -- accuracy: 0.8290 -- balanced_accuracy: 0.8290 -- auc: 0.9163 -- auc_roc: 0.9163 -- f1_score: 0.8123 -- precision: 0.9002 -- recall: 0.7400 -- time: 7.1751 
train (Epoch 6) -- average_loss: 0.1571 -- label_loss: 0.1571 -- accuracy: 0.9392 -- balanced_accuracy: 0.9392 -- auc: 0.9849 -- auc_roc: 0.9849 -- f1_score: 0.9390 -- precision: 0.9420 -- recall: 0.9360 -- time: 138.9356 
validation (Epoch 6) -- average_loss: 0.3975 -- label_loss: 0.3975 -- accuracy: 0.8490 -- balanced_accuracy: 0.8490 -- auc: 0.9230 -- auc_roc: 0.9230 -- f1_score: 0.8467 -- precision: 0.8598 -- recall: 0.8340 -- time: 7.1379 
train (Epoch 7) -- average_loss: 0.1275 -- label_loss: 0.1275 -- accuracy: 0.9525 -- balanced_accuracy: 0.9525 -- auc: 0.9896 -- auc_roc: 0.9896 -- f1_score: 0.9525 -- precision: 0.9527 -- recall: 0.9523 -- time: 139.4157 
validation (Epoch 7) -- average_loss: 0.4470 -- label_loss: 0.4470 -- accuracy: 0.8320 -- balanced_accuracy: 0.8320 -- auc: 0.9285 -- auc_roc: 0.9285 -- f1_score: 0.8117 -- precision: 0.9235 -- recall: 0.7240 -- time: 7.2486 
train (Epoch 8) -- average_loss: 0.1155 -- label_loss: 0.1155 -- accuracy: 0.9545 -- balanced_accuracy: 0.9545 -- auc: 0.9916 -- auc_roc: 0.9916 -- f1_score: 0.9544 -- precision: 0.9565 -- recall: 0.9523 -- time: 139.4792 
validation (Epoch 8) -- average_loss: 0.5297 -- label_loss: 0.5297 -- accuracy: 0.7970 -- balanced_accuracy: 0.7970 -- auc: 0.9153 -- auc_roc: 0.9153 -- f1_score: 0.8196 -- precision: 0.7376 -- recall: 0.9220 -- time: 7.2269 
train (Epoch 9) -- average_loss: 0.0946 -- label_loss: 0.0946 -- accuracy: 0.9652 -- balanced_accuracy: 0.9652 -- auc: 0.9943 -- auc_roc: 0.9943 -- f1_score: 0.9651 -- precision: 0.9663 -- recall: 0.9640 -- time: 139.6588 
validation (Epoch 9) -- average_loss: 0.6695 -- label_loss: 0.6695 -- accuracy: 0.8040 -- balanced_accuracy: 0.8040 -- auc: 0.9194 -- auc_roc: 0.9194 -- f1_score: 0.8269 -- precision: 0.7405 -- recall: 0.9360 -- time: 7.2687 
train (Epoch 10) -- average_loss: 0.0790 -- label_loss: 0.0790 -- accuracy: 0.9730 -- balanced_accuracy: 0.9730 -- auc: 0.9958 -- auc_roc: 0.9958 -- f1_score: 0.9730 -- precision: 0.9730 -- recall: 0.9730 -- time: 139.7842 
validation (Epoch 10) -- average_loss: 0.4618 -- label_loss: 0.4618 -- accuracy: 0.8440 -- balanced_accuracy: 0.8440 -- auc: 0.9286 -- auc_roc: 0.9286 -- f1_score: 0.8462 -- precision: 0.8346 -- recall: 0.8580 -- time: 7.1970 
train (Epoch 11) -- average_loss: 0.0761 -- label_loss: 0.0761 -- accuracy: 0.9717 -- balanced_accuracy: 0.9717 -- auc: 0.9963 -- auc_roc: 0.9963 -- f1_score: 0.9717 -- precision: 0.9720 -- recall: 0.9713 -- time: 139.8366 
validation (Epoch 11) -- average_loss: 0.5757 -- label_loss: 0.5757 -- accuracy: 0.8360 -- balanced_accuracy: 0.8360 -- auc: 0.9200 -- auc_roc: 0.9200 -- f1_score: 0.8379 -- precision: 0.8281 -- recall: 0.8480 -- time: 7.1944 
test -- average_loss: 0.5846 -- label_loss: 0.5846 -- accuracy: 0.7533 -- balanced_accuracy: 0.7533 -- auc: 0.8453 -- auc_roc: 0.8453 -- f1_score: 0.7383 -- precision: 0.7861 -- recall: 0.6960 -- time: 27.2093 
[dann_adaptation: source_train, per_domain: 750] {'Original': {'real': 3000, 'fake': 0}, 'FaceShifter': {'real': 0, 'fake': 750}, 'Face2Face': {'real': 0, 'fake': 750}, 'FaceSwap': {'real': 0, 'fake': 750}, 'NeuralTextures': {'real': 0, 'fake': 750}}
[dann_adaptation: target_train] {'Deepfakes': {'real': 0, 'fake': 3000}}
[dann_adaptation: val, per_domain: 125] {'FaceShifter': {'real': 0, 'fake': 125}, 'Original': {'real': 500, 'fake': 0}, 'NeuralTextures': {'real': 0, 'fake': 125}, 'FaceSwap': {'real': 0, 'fake': 125}, 'Face2Face': {'real': 0, 'fake': 125}}
[dann_adaptation: test] {'Original': {'real': 750, 'fake': 0}, 'Deepfakes': {'real': 0, 'fake': 750}}
/Users/mateuszsmigowski/Documents/magisterka/Dyplom/DANN/.venv/lib/python3.14/site-packages/umap/umap_.py:1952: UserWarning: n_jobs value 1 overridden to 1 by setting random_state. Use no seed for parallelism.
  warn(
train (Epoch 1) -- average_loss: 0.6751 -- label_loss: 0.6095 -- accuracy: 0.6555 -- balanced_accuracy: 0.6555 -- auc: 0.7241 -- auc_roc: 0.7241 -- f1_score: 0.6486 -- precision: 0.6618 -- recall: 0.6360 -- time: 244.4693 -- domain_loss: 0.6572 -- domain_accuracy: 0.6018 
Feature visualization saved to /Users/mateuszsmigowski/Documents/magisterka/Dyplom/DANN/config/runs/testing_dann_adaptation_resnet50_held-out-Deepfakes_seed-123_dann-main/seed-123/_20260526-060139/feature_visualization/epoch_1_train.png
/Users/mateuszsmigowski/Documents/magisterka/Dyplom/DANN/.venv/lib/python3.14/site-packages/umap/umap_.py:1952: UserWarning: n_jobs value 1 overridden to 1 by setting random_state. Use no seed for parallelism.
  warn(
/Users/mateuszsmigowski/Documents/magisterka/Dyplom/DANN/.venv/lib/python3.14/site-packages/umap/umap_.py:1952: UserWarning: n_jobs value 1 overridden to 1 by setting random_state. Use no seed for parallelism.
  warn(
validation (Epoch 1) -- average_loss: 0.6399 -- label_loss: 0.6399 -- accuracy: 0.6930 -- balanced_accuracy: 0.6930 -- auc: 0.7942 -- auc_roc: 0.7942 -- f1_score: 0.6129 -- precision: 0.8294 -- recall: 0.4860 -- time: 14.7913 
train (Epoch 2) -- average_loss: 0.5163 -- label_loss: 0.4617 -- accuracy: 0.7783 -- balanced_accuracy: 0.7783 -- auc: 0.8623 -- auc_roc: 0.8623 -- f1_score: 0.7791 -- precision: 0.7763 -- recall: 0.7820 -- time: 214.7779 -- domain_loss: 0.5501 -- domain_accuracy: 0.7230 
validation (Epoch 2) -- average_loss: 0.6261 -- label_loss: 0.6261 -- accuracy: 0.7310 -- balanced_accuracy: 0.7310 -- auc: 0.8804 -- auc_roc: 0.8804 -- f1_score: 0.6446 -- precision: 0.9494 -- recall: 0.4880 -- time: 7.1597 
train (Epoch 3) -- average_loss: 0.3955 -- label_loss: 0.3526 -- accuracy: 0.8433 -- balanced_accuracy: 0.8433 -- auc: 0.9227 -- auc_roc: 0.9227 -- f1_score: 0.8404 -- precision: 0.8566 -- recall: 0.8247 -- time: 213.6721 -- domain_loss: 0.4335 -- domain_accuracy: 0.8093 
validation (Epoch 3) -- average_loss: 0.5608 -- label_loss: 0.5608 -- accuracy: 0.7820 -- balanced_accuracy: 0.7820 -- auc: 0.8990 -- auc_roc: 0.8990 -- f1_score: 0.8078 -- precision: 0.7224 -- recall: 0.9160 -- time: 7.1566 
train (Epoch 4) -- average_loss: 0.3066 -- label_loss: 0.2680 -- accuracy: 0.8858 -- balanced_accuracy: 0.8858 -- auc: 0.9563 -- auc_roc: 0.9563 -- f1_score: 0.8850 -- precision: 0.8912 -- recall: 0.8790 -- time: 214.5695 -- domain_loss: 0.3894 -- domain_accuracy: 0.8275 
validation (Epoch 4) -- average_loss: 0.4014 -- label_loss: 0.4014 -- accuracy: 0.8330 -- balanced_accuracy: 0.8330 -- auc: 0.9234 -- auc_roc: 0.9234 -- f1_score: 0.8237 -- precision: 0.8725 -- recall: 0.7800 -- time: 7.1869 
train (Epoch 5) -- average_loss: 0.2353 -- label_loss: 0.1970 -- accuracy: 0.9218 -- balanced_accuracy: 0.9218 -- auc: 0.9761 -- auc_roc: 0.9761 -- f1_score: 0.9214 -- precision: 0.9268 -- recall: 0.9160 -- time: 214.6227 -- domain_loss: 0.3880 -- domain_accuracy: 0.8255 
validation (Epoch 5) -- average_loss: 0.6937 -- label_loss: 0.6937 -- accuracy: 0.7940 -- balanced_accuracy: 0.7940 -- auc: 0.9008 -- auc_roc: 0.9008 -- f1_score: 0.7548 -- precision: 0.9324 -- recall: 0.6340 -- time: 7.1956 
train (Epoch 6) -- average_loss: 0.2140 -- label_loss: 0.1721 -- accuracy: 0.9318 -- balanced_accuracy: 0.9318 -- auc: 0.9817 -- auc_roc: 0.9817 -- f1_score: 0.9312 -- precision: 0.9396 -- recall: 0.9230 -- time: 214.8401 -- domain_loss: 0.4232 -- domain_accuracy: 0.7988 
Feature visualization saved to /Users/mateuszsmigowski/Documents/magisterka/Dyplom/DANN/config/runs/testing_dann_adaptation_resnet50_held-out-Deepfakes_seed-123_dann-main/seed-123/_20260526-060139/feature_visualization/epoch_6_train.png
validation (Epoch 6) -- average_loss: 0.4712 -- label_loss: 0.4712 -- accuracy: 0.8440 -- balanced_accuracy: 0.8440 -- auc: 0.9290 -- auc_roc: 0.9290 -- f1_score: 0.8411 -- precision: 0.8568 -- recall: 0.8260 -- time: 7.0784 
train (Epoch 7) -- average_loss: 0.1684 -- label_loss: 0.1283 -- accuracy: 0.9500 -- balanced_accuracy: 0.9500 -- auc: 0.9898 -- auc_roc: 0.9898 -- f1_score: 0.9499 -- precision: 0.9509 -- recall: 0.9490 -- time: 214.0466 -- domain_loss: 0.4052 -- domain_accuracy: 0.8135 
validation (Epoch 7) -- average_loss: 0.4745 -- label_loss: 0.4745 -- accuracy: 0.8480 -- balanced_accuracy: 0.8480 -- auc: 0.9290 -- auc_roc: 0.9290 -- f1_score: 0.8420 -- precision: 0.8766 -- recall: 0.8100 -- time: 7.2078 
train (Epoch 8) -- average_loss: 0.1506 -- label_loss: 0.1142 -- accuracy: 0.9562 -- balanced_accuracy: 0.9562 -- auc: 0.9917 -- auc_roc: 0.9917 -- f1_score: 0.9560 -- precision: 0.9603 -- recall: 0.9517 -- time: 214.8447 -- domain_loss: 0.3700 -- domain_accuracy: 0.8392 
validation (Epoch 8) -- average_loss: 0.7571 -- label_loss: 0.7571 -- accuracy: 0.8110 -- balanced_accuracy: 0.8110 -- auc: 0.9210 -- auc_roc: 0.9210 -- f1_score: 0.8317 -- precision: 0.7496 -- recall: 0.9340 -- time: 7.1960 
train (Epoch 9) -- average_loss: 0.1525 -- label_loss: 0.1153 -- accuracy: 0.9570 -- balanced_accuracy: 0.9570 -- auc: 0.9914 -- auc_roc: 0.9914 -- f1_score: 0.9570 -- precision: 0.9564 -- recall: 0.9577 -- time: 215.9340 -- domain_loss: 0.3778 -- domain_accuracy: 0.8277 
validation (Epoch 9) -- average_loss: 0.4718 -- label_loss: 0.4718 -- accuracy: 0.8540 -- balanced_accuracy: 0.8540 -- auc: 0.9384 -- auc_roc: 0.9384 -- f1_score: 0.8549 -- precision: 0.8498 -- recall: 0.8600 -- time: 7.2031 
train (Epoch 10) -- average_loss: 0.1319 -- label_loss: 0.0935 -- accuracy: 0.9665 -- balanced_accuracy: 0.9665 -- auc: 0.9943 -- auc_roc: 0.9943 -- f1_score: 0.9665 -- precision: 0.9654 -- recall: 0.9677 -- time: 215.1418 -- domain_loss: 0.3900 -- domain_accuracy: 0.8293 
validation (Epoch 10) -- average_loss: 0.6200 -- label_loss: 0.6200 -- accuracy: 0.8400 -- balanced_accuracy: 0.8400 -- auc: 0.9256 -- auc_roc: 0.9256 -- f1_score: 0.8507 -- precision: 0.7972 -- recall: 0.9120 -- time: 7.1905 
train (Epoch 11) -- average_loss: 0.1015 -- label_loss: 0.0646 -- accuracy: 0.9755 -- balanced_accuracy: 0.9755 -- auc: 0.9975 -- auc_roc: 0.9975 -- f1_score: 0.9755 -- precision: 0.9760 -- recall: 0.9750 -- time: 214.1542 -- domain_loss: 0.3741 -- domain_accuracy: 0.8350 
Feature visualization saved to /Users/mateuszsmigowski/Documents/magisterka/Dyplom/DANN/config/runs/testing_dann_adaptation_resnet50_held-out-Deepfakes_seed-123_dann-main/seed-123/_20260526-060139/feature_visualization/epoch_11_train.png
validation (Epoch 11) -- average_loss: 0.9253 -- label_loss: 0.9253 -- accuracy: 0.8090 -- balanced_accuracy: 0.8090 -- auc: 0.9257 -- auc_roc: 0.9257 -- f1_score: 0.7776 -- precision: 0.9304 -- recall: 0.6680 -- time: 7.0520 
train (Epoch 12) -- average_loss: 0.1266 -- label_loss: 0.0900 -- accuracy: 0.9675 -- balanced_accuracy: 0.9675 -- auc: 0.9945 -- auc_roc: 0.9945 -- f1_score: 0.9675 -- precision: 0.9686 -- recall: 0.9663 -- time: 214.7273 -- domain_loss: 0.3731 -- domain_accuracy: 0.8327 
validation (Epoch 12) -- average_loss: 0.4593 -- label_loss: 0.4593 -- accuracy: 0.8540 -- balanced_accuracy: 0.8540 -- auc: 0.9306 -- auc_roc: 0.9306 -- f1_score: 0.8519 -- precision: 0.8642 -- recall: 0.8400 -- time: 7.1995 
train (Epoch 13) -- average_loss: 0.1056 -- label_loss: 0.0717 -- accuracy: 0.9727 -- balanced_accuracy: 0.9727 -- auc: 0.9966 -- auc_roc: 0.9966 -- f1_score: 0.9726 -- precision: 0.9739 -- recall: 0.9713 -- time: 215.0377 -- domain_loss: 0.3453 -- domain_accuracy: 0.8412 
validation (Epoch 13) -- average_loss: 0.6336 -- label_loss: 0.6336 -- accuracy: 0.8310 -- balanced_accuracy: 0.8310 -- auc: 0.9202 -- auc_roc: 0.9202 -- f1_score: 0.8193 -- precision: 0.8805 -- recall: 0.7660 -- time: 7.2278 
train (Epoch 14) -- average_loss: 0.0929 -- label_loss: 0.0595 -- accuracy: 0.9780 -- balanced_accuracy: 0.9780 -- auc: 0.9976 -- auc_roc: 0.9976 -- f1_score: 0.9780 -- precision: 0.9774 -- recall: 0.9787 -- time: 214.8782 -- domain_loss: 0.3397 -- domain_accuracy: 0.8440 
validation (Epoch 14) -- average_loss: 0.8468 -- label_loss: 0.8468 -- accuracy: 0.8160 -- balanced_accuracy: 0.8160 -- auc: 0.9199 -- auc_roc: 0.9199 -- f1_score: 0.7960 -- precision: 0.8930 -- recall: 0.7180 -- time: 7.1889 
test -- average_loss: 0.7312 -- label_loss: 0.7312 -- accuracy: 0.7873 -- balanced_accuracy: 0.7873 -- auc: 0.8713 -- auc_roc: 0.8713 -- f1_score: 0.7761 -- precision: 0.8193 -- recall: 0.7373 -- time: 28.2918 
[baseline: train] {'FaceShifter': {'real': 0, 'fake': 750}, 'Original': {'real': 3000, 'fake': 0}, 'Face2Face': {'real': 0, 'fake': 750}, 'FaceSwap': {'real': 0, 'fake': 750}, 'NeuralTextures': {'real': 0, 'fake': 750}}
[baseline: val] {'Original': {'real': 500, 'fake': 0}, 'Face2Face': {'real': 0, 'fake': 125}, 'NeuralTextures': {'real': 0, 'fake': 125}, 'FaceShifter': {'real': 0, 'fake': 125}, 'FaceSwap': {'real': 0, 'fake': 125}}
[baseline: test] {'Deepfakes': {'real': 0, 'fake': 750}, 'Original': {'real': 750, 'fake': 0}}
train (Epoch 1) -- average_loss: 0.6187 -- label_loss: 0.6187 -- accuracy: 0.6503 -- balanced_accuracy: 0.6503 -- auc: 0.7137 -- auc_roc: 0.7137 -- f1_score: 0.6550 -- precision: 0.6463 -- recall: 0.6640 -- time: 154.7344 
validation (Epoch 1) -- average_loss: 0.5274 -- label_loss: 0.5274 -- accuracy: 0.7190 -- balanced_accuracy: 0.7190 -- auc: 0.8088 -- auc_roc: 0.8088 -- f1_score: 0.7124 -- precision: 0.7296 -- recall: 0.6960 -- time: 14.1997 
train (Epoch 2) -- average_loss: 0.4481 -- label_loss: 0.4481 -- accuracy: 0.7913 -- balanced_accuracy: 0.7913 -- auc: 0.8726 -- auc_roc: 0.8726 -- f1_score: 0.7901 -- precision: 0.7949 -- recall: 0.7853 -- time: 137.3789 
validation (Epoch 2) -- average_loss: 0.4547 -- label_loss: 0.4547 -- accuracy: 0.7760 -- balanced_accuracy: 0.7760 -- auc: 0.8925 -- auc_roc: 0.8925 -- f1_score: 0.8004 -- precision: 0.7219 -- recall: 0.8980 -- time: 7.0203 
train (Epoch 3) -- average_loss: 0.3235 -- label_loss: 0.3235 -- accuracy: 0.8613 -- balanced_accuracy: 0.8613 -- auc: 0.9355 -- auc_roc: 0.9355 -- f1_score: 0.8597 -- precision: 0.8700 -- recall: 0.8497 -- time: 137.4716 
validation (Epoch 3) -- average_loss: 0.4761 -- label_loss: 0.4761 -- accuracy: 0.8020 -- balanced_accuracy: 0.8020 -- auc: 0.8975 -- auc_roc: 0.8975 -- f1_score: 0.7755 -- precision: 0.8953 -- recall: 0.6840 -- time: 7.1182 
train (Epoch 4) -- average_loss: 0.2518 -- label_loss: 0.2518 -- accuracy: 0.8993 -- balanced_accuracy: 0.8993 -- auc: 0.9608 -- auc_roc: 0.9608 -- f1_score: 0.8986 -- precision: 0.9056 -- recall: 0.8917 -- time: 138.2732 
validation (Epoch 4) -- average_loss: 0.4361 -- label_loss: 0.4361 -- accuracy: 0.8180 -- balanced_accuracy: 0.8180 -- auc: 0.8955 -- auc_roc: 0.8955 -- f1_score: 0.8139 -- precision: 0.8326 -- recall: 0.7960 -- time: 7.0823 
train (Epoch 5) -- average_loss: 0.1818 -- label_loss: 0.1818 -- accuracy: 0.9268 -- balanced_accuracy: 0.9268 -- auc: 0.9797 -- auc_roc: 0.9797 -- f1_score: 0.9266 -- precision: 0.9301 -- recall: 0.9230 -- time: 138.6805 
validation (Epoch 5) -- average_loss: 0.4845 -- label_loss: 0.4845 -- accuracy: 0.8090 -- balanced_accuracy: 0.8090 -- auc: 0.9029 -- auc_roc: 0.9029 -- f1_score: 0.8107 -- precision: 0.8035 -- recall: 0.8180 -- time: 7.1265 
train (Epoch 6) -- average_loss: 0.1494 -- label_loss: 0.1494 -- accuracy: 0.9467 -- balanced_accuracy: 0.9467 -- auc: 0.9858 -- auc_roc: 0.9858 -- f1_score: 0.9467 -- precision: 0.9464 -- recall: 0.9470 -- time: 139.2671 
validation (Epoch 6) -- average_loss: 0.7928 -- label_loss: 0.7928 -- accuracy: 0.7570 -- balanced_accuracy: 0.7570 -- auc: 0.8949 -- auc_roc: 0.8949 -- f1_score: 0.7896 -- precision: 0.6962 -- recall: 0.9120 -- time: 7.2136 
train (Epoch 7) -- average_loss: 0.1399 -- label_loss: 0.1399 -- accuracy: 0.9418 -- balanced_accuracy: 0.9418 -- auc: 0.9879 -- auc_roc: 0.9879 -- f1_score: 0.9418 -- precision: 0.9423 -- recall: 0.9413 -- time: 139.4802 
validation (Epoch 7) -- average_loss: 0.6581 -- label_loss: 0.6581 -- accuracy: 0.7360 -- balanced_accuracy: 0.7360 -- auc: 0.9194 -- auc_roc: 0.9194 -- f1_score: 0.7818 -- precision: 0.6662 -- recall: 0.9460 -- time: 7.1541 
train (Epoch 8) -- average_loss: 0.1160 -- label_loss: 0.1160 -- accuracy: 0.9540 -- balanced_accuracy: 0.9540 -- auc: 0.9917 -- auc_roc: 0.9917 -- f1_score: 0.9539 -- precision: 0.9555 -- recall: 0.9523 -- time: 140.5430 
validation (Epoch 8) -- average_loss: 0.4383 -- label_loss: 0.4383 -- accuracy: 0.8320 -- balanced_accuracy: 0.8320 -- auc: 0.9250 -- auc_roc: 0.9250 -- f1_score: 0.8406 -- precision: 0.7996 -- recall: 0.8860 -- time: 7.1600 
train (Epoch 9) -- average_loss: 0.0991 -- label_loss: 0.0991 -- accuracy: 0.9618 -- balanced_accuracy: 0.9618 -- auc: 0.9938 -- auc_roc: 0.9938 -- f1_score: 0.9617 -- precision: 0.9642 -- recall: 0.9593 -- time: 139.6366 
validation (Epoch 9) -- average_loss: 0.5245 -- label_loss: 0.5245 -- accuracy: 0.8250 -- balanced_accuracy: 0.8250 -- auc: 0.9186 -- auc_roc: 0.9186 -- f1_score: 0.8363 -- precision: 0.7856 -- recall: 0.8940 -- time: 7.1550 
train (Epoch 10) -- average_loss: 0.0736 -- label_loss: 0.0736 -- accuracy: 0.9732 -- balanced_accuracy: 0.9732 -- auc: 0.9965 -- auc_roc: 0.9965 -- f1_score: 0.9731 -- precision: 0.9759 -- recall: 0.9703 -- time: 140.1614 
validation (Epoch 10) -- average_loss: 0.5763 -- label_loss: 0.5763 -- accuracy: 0.8330 -- balanced_accuracy: 0.8330 -- auc: 0.9111 -- auc_roc: 0.9111 -- f1_score: 0.8244 -- precision: 0.8692 -- recall: 0.7840 -- time: 7.1945 
train (Epoch 11) -- average_loss: 0.0763 -- label_loss: 0.0763 -- accuracy: 0.9717 -- balanced_accuracy: 0.9717 -- auc: 0.9961 -- auc_roc: 0.9961 -- f1_score: 0.9717 -- precision: 0.9704 -- recall: 0.9730 -- time: 139.9119 
validation (Epoch 11) -- average_loss: 0.5008 -- label_loss: 0.5008 -- accuracy: 0.8230 -- balanced_accuracy: 0.8230 -- auc: 0.9181 -- auc_roc: 0.9181 -- f1_score: 0.8316 -- precision: 0.7931 -- recall: 0.8740 -- time: 7.2218 
train (Epoch 12) -- average_loss: 0.0722 -- label_loss: 0.0722 -- accuracy: 0.9713 -- balanced_accuracy: 0.9713 -- auc: 0.9966 -- auc_roc: 0.9966 -- f1_score: 0.9714 -- precision: 0.9701 -- recall: 0.9727 -- time: 139.9300 
validation (Epoch 12) -- average_loss: 0.4791 -- label_loss: 0.4791 -- accuracy: 0.8380 -- balanced_accuracy: 0.8380 -- auc: 0.9306 -- auc_roc: 0.9306 -- f1_score: 0.8466 -- precision: 0.8040 -- recall: 0.8940 -- time: 7.2005 
train (Epoch 13) -- average_loss: 0.0577 -- label_loss: 0.0577 -- accuracy: 0.9778 -- balanced_accuracy: 0.9778 -- auc: 0.9978 -- auc_roc: 0.9978 -- f1_score: 0.9778 -- precision: 0.9780 -- recall: 0.9777 -- time: 139.9926 
validation (Epoch 13) -- average_loss: 0.7055 -- label_loss: 0.7055 -- accuracy: 0.8280 -- balanced_accuracy: 0.8280 -- auc: 0.9052 -- auc_roc: 0.9052 -- f1_score: 0.8197 -- precision: 0.8612 -- recall: 0.7820 -- time: 7.1759 
train (Epoch 14) -- average_loss: 0.0611 -- label_loss: 0.0611 -- accuracy: 0.9782 -- balanced_accuracy: 0.9782 -- auc: 0.9975 -- auc_roc: 0.9975 -- f1_score: 0.9782 -- precision: 0.9771 -- recall: 0.9793 -- time: 140.1029 
validation (Epoch 14) -- average_loss: 0.5441 -- label_loss: 0.5441 -- accuracy: 0.8390 -- balanced_accuracy: 0.8390 -- auc: 0.9085 -- auc_roc: 0.9085 -- f1_score: 0.8328 -- precision: 0.8661 -- recall: 0.8020 -- time: 7.1573 
train (Epoch 15) -- average_loss: 0.0498 -- label_loss: 0.0498 -- accuracy: 0.9815 -- balanced_accuracy: 0.9815 -- auc: 0.9983 -- auc_roc: 0.9983 -- f1_score: 0.9815 -- precision: 0.9833 -- recall: 0.9797 -- time: 140.1548 
validation (Epoch 15) -- average_loss: 0.5703 -- label_loss: 0.5703 -- accuracy: 0.8490 -- balanced_accuracy: 0.8490 -- auc: 0.9271 -- auc_roc: 0.9271 -- f1_score: 0.8555 -- precision: 0.8202 -- recall: 0.8940 -- time: 7.1738 
train (Epoch 16) -- average_loss: 0.0616 -- label_loss: 0.0616 -- accuracy: 0.9790 -- balanced_accuracy: 0.9790 -- auc: 0.9973 -- auc_roc: 0.9973 -- f1_score: 0.9790 -- precision: 0.9812 -- recall: 0.9767 -- time: 139.9237 
validation (Epoch 16) -- average_loss: 0.7007 -- label_loss: 0.7007 -- accuracy: 0.8170 -- balanced_accuracy: 0.8170 -- auc: 0.9050 -- auc_roc: 0.9050 -- f1_score: 0.8072 -- precision: 0.8530 -- recall: 0.7660 -- time: 7.1723 
train (Epoch 17) -- average_loss: 0.0475 -- label_loss: 0.0475 -- accuracy: 0.9828 -- balanced_accuracy: 0.9828 -- auc: 0.9985 -- auc_roc: 0.9985 -- f1_score: 0.9829 -- precision: 0.9811 -- recall: 0.9847 -- time: 140.0010 
validation (Epoch 17) -- average_loss: 0.8761 -- label_loss: 0.8761 -- accuracy: 0.8090 -- balanced_accuracy: 0.8090 -- auc: 0.9096 -- auc_roc: 0.9096 -- f1_score: 0.7866 -- precision: 0.8911 -- recall: 0.7040 -- time: 7.2352 
train (Epoch 18) -- average_loss: 0.0537 -- label_loss: 0.0537 -- accuracy: 0.9805 -- balanced_accuracy: 0.9805 -- auc: 0.9980 -- auc_roc: 0.9980 -- f1_score: 0.9805 -- precision: 0.9816 -- recall: 0.9793 -- time: 139.8579 
validation (Epoch 18) -- average_loss: 0.5718 -- label_loss: 0.5718 -- accuracy: 0.8540 -- balanced_accuracy: 0.8540 -- auc: 0.9202 -- auc_roc: 0.9202 -- f1_score: 0.8543 -- precision: 0.8526 -- recall: 0.8560 -- time: 7.1911 
train (Epoch 19) -- average_loss: 0.0392 -- label_loss: 0.0392 -- accuracy: 0.9855 -- balanced_accuracy: 0.9855 -- auc: 0.9989 -- auc_roc: 0.9989 -- f1_score: 0.9855 -- precision: 0.9870 -- recall: 0.9840 -- time: 140.0357 
validation (Epoch 19) -- average_loss: 0.6409 -- label_loss: 0.6409 -- accuracy: 0.8440 -- balanced_accuracy: 0.8440 -- auc: 0.9209 -- auc_roc: 0.9209 -- f1_score: 0.8500 -- precision: 0.8185 -- recall: 0.8840 -- time: 7.1959 
train (Epoch 20) -- average_loss: 0.0428 -- label_loss: 0.0428 -- accuracy: 0.9855 -- balanced_accuracy: 0.9855 -- auc: 0.9987 -- auc_roc: 0.9987 -- f1_score: 0.9855 -- precision: 0.9860 -- recall: 0.9850 -- time: 140.0302 
validation (Epoch 20) -- average_loss: 0.7697 -- label_loss: 0.7697 -- accuracy: 0.8240 -- balanced_accuracy: 0.8240 -- auc: 0.9170 -- auc_roc: 0.9170 -- f1_score: 0.8364 -- precision: 0.7812 -- recall: 0.9000 -- time: 7.1914 
test -- average_loss: 1.0527 -- label_loss: 1.0527 -- accuracy: 0.7080 -- balanced_accuracy: 0.7080 -- auc: 0.8174 -- auc_roc: 0.8174 -- f1_score: 0.6605 -- precision: 0.7889 -- recall: 0.5680 -- time: 28.1486 
[dann_adaptation: source_train, per_domain: 750] {'FaceShifter': {'real': 0, 'fake': 750}, 'NeuralTextures': {'real': 0, 'fake': 750}, 'Original': {'real': 3000, 'fake': 0}, 'FaceSwap': {'real': 0, 'fake': 750}, 'Face2Face': {'real': 0, 'fake': 750}}
[dann_adaptation: target_train] {'Deepfakes': {'real': 0, 'fake': 3000}}
[dann_adaptation: val, per_domain: 125] {'FaceSwap': {'real': 0, 'fake': 125}, 'Original': {'real': 500, 'fake': 0}, 'FaceShifter': {'real': 0, 'fake': 125}, 'Face2Face': {'real': 0, 'fake': 125}, 'NeuralTextures': {'real': 0, 'fake': 125}}
[dann_adaptation: test] {'Deepfakes': {'real': 0, 'fake': 750}, 'Original': {'real': 750, 'fake': 0}}
/Users/mateuszsmigowski/Documents/magisterka/Dyplom/DANN/.venv/lib/python3.14/site-packages/umap/umap_.py:1952: UserWarning: n_jobs value 1 overridden to 1 by setting random_state. Use no seed for parallelism.
  warn(
train (Epoch 1) -- average_loss: 0.6891 -- label_loss: 0.6219 -- accuracy: 0.6340 -- balanced_accuracy: 0.6340 -- auc: 0.7041 -- auc_roc: 0.7041 -- f1_score: 0.6353 -- precision: 0.6330 -- recall: 0.6377 -- time: 244.5072 -- domain_loss: 0.6738 -- domain_accuracy: 0.5698 
Feature visualization saved to /Users/mateuszsmigowski/Documents/magisterka/Dyplom/DANN/config/runs/testing_dann_adaptation_resnet50_held-out-Deepfakes_seed-948_dann-main/seed-948/_20260526-074715/feature_visualization/epoch_1_train.png
/Users/mateuszsmigowski/Documents/magisterka/Dyplom/DANN/.venv/lib/python3.14/site-packages/umap/umap_.py:1952: UserWarning: n_jobs value 1 overridden to 1 by setting random_state. Use no seed for parallelism.
  warn(
/Users/mateuszsmigowski/Documents/magisterka/Dyplom/DANN/.venv/lib/python3.14/site-packages/umap/umap_.py:1952: UserWarning: n_jobs value 1 overridden to 1 by setting random_state. Use no seed for parallelism.
  warn(
validation (Epoch 1) -- average_loss: 0.5061 -- label_loss: 0.5061 -- accuracy: 0.7620 -- balanced_accuracy: 0.7620 -- auc: 0.8677 -- auc_roc: 0.8677 -- f1_score: 0.7220 -- precision: 0.8680 -- recall: 0.6180 -- time: 13.3100 
train (Epoch 2) -- average_loss: 0.5095 -- label_loss: 0.4504 -- accuracy: 0.7857 -- balanced_accuracy: 0.7857 -- auc: 0.8702 -- auc_roc: 0.8702 -- f1_score: 0.7849 -- precision: 0.7878 -- recall: 0.7820 -- time: 217.6013 -- domain_loss: 0.5938 -- domain_accuracy: 0.6803 
validation (Epoch 2) -- average_loss: 0.4458 -- label_loss: 0.4458 -- accuracy: 0.7860 -- balanced_accuracy: 0.7860 -- auc: 0.8905 -- auc_roc: 0.8905 -- f1_score: 0.8044 -- precision: 0.7407 -- recall: 0.8800 -- time: 7.1887 
train (Epoch 3) -- average_loss: 0.3915 -- label_loss: 0.3424 -- accuracy: 0.8537 -- balanced_accuracy: 0.8537 -- auc: 0.9281 -- auc_roc: 0.9281 -- f1_score: 0.8522 -- precision: 0.8609 -- recall: 0.8437 -- time: 214.2524 -- domain_loss: 0.4955 -- domain_accuracy: 0.7642 
validation (Epoch 3) -- average_loss: 0.4575 -- label_loss: 0.4575 -- accuracy: 0.8250 -- balanced_accuracy: 0.8250 -- auc: 0.9130 -- auc_roc: 0.9130 -- f1_score: 0.8132 -- precision: 0.8719 -- recall: 0.7620 -- time: 7.1853 
train (Epoch 4) -- average_loss: 0.2969 -- label_loss: 0.2535 -- accuracy: 0.8942 -- balanced_accuracy: 0.8942 -- auc: 0.9608 -- auc_roc: 0.9608 -- f1_score: 0.8936 -- precision: 0.8986 -- recall: 0.8887 -- time: 214.6318 -- domain_loss: 0.4383 -- domain_accuracy: 0.8025 
validation (Epoch 4) -- average_loss: 0.4251 -- label_loss: 0.4251 -- accuracy: 0.8370 -- balanced_accuracy: 0.8370 -- auc: 0.9195 -- auc_roc: 0.9195 -- f1_score: 0.8388 -- precision: 0.8297 -- recall: 0.8480 -- time: 7.2482 
train (Epoch 5) -- average_loss: 0.2434 -- label_loss: 0.1998 -- accuracy: 0.9193 -- balanced_accuracy: 0.9193 -- auc: 0.9756 -- auc_roc: 0.9756 -- f1_score: 0.9191 -- precision: 0.9219 -- recall: 0.9163 -- time: 214.4756 -- domain_loss: 0.4413 -- domain_accuracy: 0.7900 
validation (Epoch 5) -- average_loss: 0.4566 -- label_loss: 0.4566 -- accuracy: 0.8410 -- balanced_accuracy: 0.8410 -- auc: 0.9210 -- auc_roc: 0.9210 -- f1_score: 0.8352 -- precision: 0.8667 -- recall: 0.8060 -- time: 7.2015 
train (Epoch 6) -- average_loss: 0.2084 -- label_loss: 0.1619 -- accuracy: 0.9380 -- balanced_accuracy: 0.9380 -- auc: 0.9836 -- auc_roc: 0.9836 -- f1_score: 0.9379 -- precision: 0.9398 -- recall: 0.9360 -- time: 214.8652 -- domain_loss: 0.4693 -- domain_accuracy: 0.7695 
Feature visualization saved to /Users/mateuszsmigowski/Documents/magisterka/Dyplom/DANN/config/runs/testing_dann_adaptation_resnet50_held-out-Deepfakes_seed-948_dann-main/seed-948/_20260526-074715/feature_visualization/epoch_6_train.png
validation (Epoch 6) -- average_loss: 0.4229 -- label_loss: 0.4229 -- accuracy: 0.8550 -- balanced_accuracy: 0.8550 -- auc: 0.9327 -- auc_roc: 0.9327 -- f1_score: 0.8549 -- precision: 0.8557 -- recall: 0.8540 -- time: 7.7760 
train (Epoch 7) -- average_loss: 0.1811 -- label_loss: 0.1379 -- accuracy: 0.9467 -- balanced_accuracy: 0.9467 -- auc: 0.9882 -- auc_roc: 0.9882 -- f1_score: 0.9466 -- precision: 0.9479 -- recall: 0.9453 -- time: 214.6071 -- domain_loss: 0.4384 -- domain_accuracy: 0.7988 
validation (Epoch 7) -- average_loss: 0.4916 -- label_loss: 0.4916 -- accuracy: 0.8630 -- balanced_accuracy: 0.8630 -- auc: 0.9380 -- auc_roc: 0.9380 -- f1_score: 0.8525 -- precision: 0.9231 -- recall: 0.7920 -- time: 7.1683 
train (Epoch 8) -- average_loss: 0.1526 -- label_loss: 0.1123 -- accuracy: 0.9572 -- balanced_accuracy: 0.9572 -- auc: 0.9923 -- auc_roc: 0.9923 -- f1_score: 0.9572 -- precision: 0.9570 -- recall: 0.9573 -- time: 215.1916 -- domain_loss: 0.4097 -- domain_accuracy: 0.8105 
validation (Epoch 8) -- average_loss: 0.5328 -- label_loss: 0.5328 -- accuracy: 0.8470 -- balanced_accuracy: 0.8470 -- auc: 0.9302 -- auc_roc: 0.9302 -- f1_score: 0.8519 -- precision: 0.8255 -- recall: 0.8800 -- time: 7.1218 
train (Epoch 9) -- average_loss: 0.1483 -- label_loss: 0.1066 -- accuracy: 0.9605 -- balanced_accuracy: 0.9605 -- auc: 0.9928 -- auc_roc: 0.9928 -- f1_score: 0.9606 -- precision: 0.9588 -- recall: 0.9623 -- time: 213.7159 -- domain_loss: 0.4255 -- domain_accuracy: 0.7980 
validation (Epoch 9) -- average_loss: 0.4695 -- label_loss: 0.4695 -- accuracy: 0.8470 -- balanced_accuracy: 0.8470 -- auc: 0.9353 -- auc_roc: 0.9353 -- f1_score: 0.8317 -- precision: 0.9242 -- recall: 0.7560 -- time: 7.1392 
train (Epoch 10) -- average_loss: 0.1203 -- label_loss: 0.0804 -- accuracy: 0.9687 -- balanced_accuracy: 0.9687 -- auc: 0.9961 -- auc_roc: 0.9961 -- f1_score: 0.9687 -- precision: 0.9690 -- recall: 0.9683 -- time: 213.4741 -- domain_loss: 0.4067 -- domain_accuracy: 0.8127 
validation (Epoch 10) -- average_loss: 0.5572 -- label_loss: 0.5572 -- accuracy: 0.8380 -- balanced_accuracy: 0.8380 -- auc: 0.9259 -- auc_roc: 0.9259 -- f1_score: 0.8424 -- precision: 0.8201 -- recall: 0.8660 -- time: 7.1864 
train (Epoch 11) -- average_loss: 0.1205 -- label_loss: 0.0811 -- accuracy: 0.9715 -- balanced_accuracy: 0.9715 -- auc: 0.9957 -- auc_roc: 0.9957 -- f1_score: 0.9715 -- precision: 0.9707 -- recall: 0.9723 -- time: 214.1699 -- domain_loss: 0.3998 -- domain_accuracy: 0.8205 
Feature visualization saved to /Users/mateuszsmigowski/Documents/magisterka/Dyplom/DANN/config/runs/testing_dann_adaptation_resnet50_held-out-Deepfakes_seed-948_dann-main/seed-948/_20260526-074715/feature_visualization/epoch_11_train.png
validation (Epoch 11) -- average_loss: 0.5575 -- label_loss: 0.5575 -- accuracy: 0.8630 -- balanced_accuracy: 0.8630 -- auc: 0.9354 -- auc_roc: 0.9354 -- f1_score: 0.8620 -- precision: 0.8682 -- recall: 0.8560 -- time: 7.0316 
train (Epoch 12) -- average_loss: 0.1191 -- label_loss: 0.0793 -- accuracy: 0.9757 -- balanced_accuracy: 0.9757 -- auc: 0.9954 -- auc_roc: 0.9954 -- f1_score: 0.9756 -- precision: 0.9776 -- recall: 0.9737 -- time: 214.4150 -- domain_loss: 0.4027 -- domain_accuracy: 0.8202 
validation (Epoch 12) -- average_loss: 0.5618 -- label_loss: 0.5618 -- accuracy: 0.8430 -- balanced_accuracy: 0.8430 -- auc: 0.9413 -- auc_roc: 0.9413 -- f1_score: 0.8545 -- precision: 0.7962 -- recall: 0.9220 -- time: 7.2225 
test -- average_loss: 1.2849 -- label_loss: 1.2849 -- accuracy: 0.6373 -- balanced_accuracy: 0.6373 -- auc: 0.7881 -- auc_roc: 0.7881 -- f1_score: 0.5090 -- precision: 0.7877 -- recall: 0.3760 -- time: 28.1685 
[baseline: train] {'Original': {'real': 3000, 'fake': 0}, 'FaceSwap': {'real': 0, 'fake': 750}, 'Face2Face': {'real': 0, 'fake': 750}, 'NeuralTextures': {'real': 0, 'fake': 750}, 'FaceShifter': {'real': 0, 'fake': 750}}
[baseline: val] {'Original': {'real': 500, 'fake': 0}, 'FaceSwap': {'real': 0, 'fake': 125}, 'NeuralTextures': {'real': 0, 'fake': 125}, 'Face2Face': {'real': 0, 'fake': 125}, 'FaceShifter': {'real': 0, 'fake': 125}}
[baseline: test] {'Deepfakes': {'real': 0, 'fake': 750}, 'Original': {'real': 750, 'fake': 0}}
train (Epoch 1) -- average_loss: 0.6032 -- label_loss: 0.6032 -- accuracy: 0.6677 -- balanced_accuracy: 0.6677 -- auc: 0.7337 -- auc_roc: 0.7337 -- f1_score: 0.6561 -- precision: 0.6798 -- recall: 0.6340 -- time: 155.7510 
validation (Epoch 1) -- average_loss: 0.5549 -- label_loss: 0.5549 -- accuracy: 0.7290 -- balanced_accuracy: 0.7290 -- auc: 0.8350 -- auc_roc: 0.8350 -- f1_score: 0.6600 -- precision: 0.8855 -- recall: 0.5260 -- time: 14.2809 
train (Epoch 2) -- average_loss: 0.4283 -- label_loss: 0.4283 -- accuracy: 0.8015 -- balanced_accuracy: 0.8015 -- auc: 0.8843 -- auc_roc: 0.8843 -- f1_score: 0.8001 -- precision: 0.8057 -- recall: 0.7947 -- time: 137.1232 
validation (Epoch 2) -- average_loss: 0.6659 -- label_loss: 0.6659 -- accuracy: 0.7190 -- balanced_accuracy: 0.7190 -- auc: 0.8720 -- auc_roc: 0.8720 -- f1_score: 0.6258 -- precision: 0.9363 -- recall: 0.4700 -- time: 6.9940 
train (Epoch 3) -- average_loss: 0.3162 -- label_loss: 0.3162 -- accuracy: 0.8585 -- balanced_accuracy: 0.8585 -- auc: 0.9384 -- auc_roc: 0.9384 -- f1_score: 0.8571 -- precision: 0.8654 -- recall: 0.8490 -- time: 136.8327 
validation (Epoch 3) -- average_loss: 0.4907 -- label_loss: 0.4907 -- accuracy: 0.7820 -- balanced_accuracy: 0.7820 -- auc: 0.9005 -- auc_roc: 0.9005 -- f1_score: 0.7429 -- precision: 0.9052 -- recall: 0.6300 -- time: 7.0519 
train (Epoch 4) -- average_loss: 0.2376 -- label_loss: 0.2376 -- accuracy: 0.9013 -- balanced_accuracy: 0.9013 -- auc: 0.9655 -- auc_roc: 0.9655 -- f1_score: 0.9005 -- precision: 0.9081 -- recall: 0.8930 -- time: 137.9684 
validation (Epoch 4) -- average_loss: 0.5272 -- label_loss: 0.5272 -- accuracy: 0.8070 -- balanced_accuracy: 0.8070 -- auc: 0.8963 -- auc_roc: 0.8963 -- f1_score: 0.7881 -- precision: 0.8735 -- recall: 0.7180 -- time: 7.0599 
train (Epoch 5) -- average_loss: 0.1860 -- label_loss: 0.1860 -- accuracy: 0.9268 -- balanced_accuracy: 0.9268 -- auc: 0.9788 -- auc_roc: 0.9788 -- f1_score: 0.9270 -- precision: 0.9253 -- recall: 0.9287 -- time: 139.3870 
validation (Epoch 5) -- average_loss: 0.4541 -- label_loss: 0.4541 -- accuracy: 0.8260 -- balanced_accuracy: 0.8260 -- auc: 0.9309 -- auc_roc: 0.9309 -- f1_score: 0.8005 -- precision: 0.9382 -- recall: 0.6980 -- time: 7.1150 
train (Epoch 6) -- average_loss: 0.1425 -- label_loss: 0.1425 -- accuracy: 0.9450 -- balanced_accuracy: 0.9450 -- auc: 0.9874 -- auc_roc: 0.9874 -- f1_score: 0.9448 -- precision: 0.9486 -- recall: 0.9410 -- time: 138.8107 
validation (Epoch 6) -- average_loss: 0.6079 -- label_loss: 0.6079 -- accuracy: 0.7840 -- balanced_accuracy: 0.7840 -- auc: 0.9255 -- auc_roc: 0.9255 -- f1_score: 0.8163 -- precision: 0.7101 -- recall: 0.9600 -- time: 7.3128 
train (Epoch 7) -- average_loss: 0.1205 -- label_loss: 0.1205 -- accuracy: 0.9548 -- balanced_accuracy: 0.9548 -- auc: 0.9909 -- auc_roc: 0.9909 -- f1_score: 0.9548 -- precision: 0.9553 -- recall: 0.9543 -- time: 140.5278 
validation (Epoch 7) -- average_loss: 0.5404 -- label_loss: 0.5404 -- accuracy: 0.8400 -- balanced_accuracy: 0.8400 -- auc: 0.9170 -- auc_roc: 0.9170 -- f1_score: 0.8319 -- precision: 0.8761 -- recall: 0.7920 -- time: 7.1364 
train (Epoch 8) -- average_loss: 0.1092 -- label_loss: 0.1092 -- accuracy: 0.9587 -- balanced_accuracy: 0.9587 -- auc: 0.9924 -- auc_roc: 0.9924 -- f1_score: 0.9586 -- precision: 0.9596 -- recall: 0.9577 -- time: 139.7227 
validation (Epoch 8) -- average_loss: 0.6381 -- label_loss: 0.6381 -- accuracy: 0.7850 -- balanced_accuracy: 0.7850 -- auc: 0.9141 -- auc_roc: 0.9141 -- f1_score: 0.8126 -- precision: 0.7202 -- recall: 0.9320 -- time: 7.1618 
train (Epoch 9) -- average_loss: 0.0904 -- label_loss: 0.0904 -- accuracy: 0.9668 -- balanced_accuracy: 0.9668 -- auc: 0.9947 -- auc_roc: 0.9947 -- f1_score: 0.9668 -- precision: 0.9682 -- recall: 0.9653 -- time: 139.7032 
validation (Epoch 9) -- average_loss: 0.6166 -- label_loss: 0.6166 -- accuracy: 0.8480 -- balanced_accuracy: 0.8480 -- auc: 0.9260 -- auc_roc: 0.9260 -- f1_score: 0.8386 -- precision: 0.8937 -- recall: 0.7900 -- time: 7.2096 
train (Epoch 10) -- average_loss: 0.0840 -- label_loss: 0.0840 -- accuracy: 0.9675 -- balanced_accuracy: 0.9675 -- auc: 0.9956 -- auc_roc: 0.9956 -- f1_score: 0.9675 -- precision: 0.9670 -- recall: 0.9680 -- time: 140.0359 
validation (Epoch 10) -- average_loss: 0.5570 -- label_loss: 0.5570 -- accuracy: 0.8430 -- balanced_accuracy: 0.8430 -- auc: 0.9256 -- auc_roc: 0.9256 -- f1_score: 0.8363 -- precision: 0.8736 -- recall: 0.8020 -- time: 7.2615 
train (Epoch 11) -- average_loss: 0.0751 -- label_loss: 0.0751 -- accuracy: 0.9732 -- balanced_accuracy: 0.9732 -- auc: 0.9961 -- auc_roc: 0.9961 -- f1_score: 0.9732 -- precision: 0.9733 -- recall: 0.9730 -- time: 140.1568 
validation (Epoch 11) -- average_loss: 0.6199 -- label_loss: 0.6199 -- accuracy: 0.8370 -- balanced_accuracy: 0.8370 -- auc: 0.9250 -- auc_roc: 0.9250 -- f1_score: 0.8249 -- precision: 0.8910 -- recall: 0.7680 -- time: 7.1503 
train (Epoch 12) -- average_loss: 0.0686 -- label_loss: 0.0686 -- accuracy: 0.9743 -- balanced_accuracy: 0.9743 -- auc: 0.9970 -- auc_roc: 0.9970 -- f1_score: 0.9743 -- precision: 0.9753 -- recall: 0.9733 -- time: 139.8754 
validation (Epoch 12) -- average_loss: 0.6173 -- label_loss: 0.6173 -- accuracy: 0.8470 -- balanced_accuracy: 0.8470 -- auc: 0.9270 -- auc_roc: 0.9270 -- f1_score: 0.8507 -- precision: 0.8305 -- recall: 0.8720 -- time: 7.1370 
train (Epoch 13) -- average_loss: 0.0625 -- label_loss: 0.0625 -- accuracy: 0.9775 -- balanced_accuracy: 0.9775 -- auc: 0.9973 -- auc_roc: 0.9973 -- f1_score: 0.9775 -- precision: 0.9796 -- recall: 0.9753 -- time: 140.4101 
validation (Epoch 13) -- average_loss: 0.4498 -- label_loss: 0.4498 -- accuracy: 0.8590 -- balanced_accuracy: 0.8590 -- auc: 0.9384 -- auc_roc: 0.9384 -- f1_score: 0.8589 -- precision: 0.8597 -- recall: 0.8580 -- time: 7.1716 
train (Epoch 14) -- average_loss: 0.0475 -- label_loss: 0.0475 -- accuracy: 0.9837 -- balanced_accuracy: 0.9837 -- auc: 0.9984 -- auc_roc: 0.9984 -- f1_score: 0.9836 -- precision: 0.9853 -- recall: 0.9820 -- time: 140.4362 
validation (Epoch 14) -- average_loss: 0.5774 -- label_loss: 0.5774 -- accuracy: 0.8590 -- balanced_accuracy: 0.8590 -- auc: 0.9288 -- auc_roc: 0.9288 -- f1_score: 0.8551 -- precision: 0.8795 -- recall: 0.8320 -- time: 7.2101 
train (Epoch 15) -- average_loss: 0.0695 -- label_loss: 0.0695 -- accuracy: 0.9740 -- balanced_accuracy: 0.9740 -- auc: 0.9969 -- auc_roc: 0.9969 -- f1_score: 0.9740 -- precision: 0.9734 -- recall: 0.9747 -- time: 140.6177 
validation (Epoch 15) -- average_loss: 0.4210 -- label_loss: 0.4210 -- accuracy: 0.8530 -- balanced_accuracy: 0.8530 -- auc: 0.9360 -- auc_roc: 0.9360 -- f1_score: 0.8486 -- precision: 0.8747 -- recall: 0.8240 -- time: 7.1546 
train (Epoch 16) -- average_loss: 0.0553 -- label_loss: 0.0553 -- accuracy: 0.9797 -- balanced_accuracy: 0.9797 -- auc: 0.9980 -- auc_roc: 0.9980 -- f1_score: 0.9797 -- precision: 0.9803 -- recall: 0.9790 -- time: 140.0133 
validation (Epoch 16) -- average_loss: 0.4966 -- label_loss: 0.4966 -- accuracy: 0.8370 -- balanced_accuracy: 0.8370 -- auc: 0.9293 -- auc_roc: 0.9293 -- f1_score: 0.8437 -- precision: 0.8103 -- recall: 0.8800 -- time: 7.1609 
train (Epoch 17) -- average_loss: 0.0556 -- label_loss: 0.0556 -- accuracy: 0.9810 -- balanced_accuracy: 0.9810 -- auc: 0.9978 -- auc_roc: 0.9978 -- f1_score: 0.9810 -- precision: 0.9807 -- recall: 0.9813 -- time: 140.8884 
validation (Epoch 17) -- average_loss: 0.8367 -- label_loss: 0.8367 -- accuracy: 0.8040 -- balanced_accuracy: 0.8040 -- auc: 0.9171 -- auc_roc: 0.9171 -- f1_score: 0.7737 -- precision: 0.9153 -- recall: 0.6700 -- time: 7.1733 
train (Epoch 18) -- average_loss: 0.0536 -- label_loss: 0.0536 -- accuracy: 0.9797 -- balanced_accuracy: 0.9797 -- auc: 0.9980 -- auc_roc: 0.9980 -- f1_score: 0.9797 -- precision: 0.9771 -- recall: 0.9823 -- time: 139.4934 
validation (Epoch 18) -- average_loss: 0.5156 -- label_loss: 0.5156 -- accuracy: 0.8430 -- balanced_accuracy: 0.8430 -- auc: 0.9272 -- auc_roc: 0.9272 -- f1_score: 0.8370 -- precision: 0.8704 -- recall: 0.8060 -- time: 7.1598 
test -- average_loss: 0.7308 -- label_loss: 0.7308 -- accuracy: 0.7667 -- balanced_accuracy: 0.7667 -- auc: 0.8661 -- auc_roc: 0.8661 -- f1_score: 0.7542 -- precision: 0.7967 -- recall: 0.7160 -- time: 28.2638 
[dann_adaptation: source_train, per_domain: 750] {'Original': {'real': 3000, 'fake': 0}, 'FaceSwap': {'real': 0, 'fake': 750}, 'Face2Face': {'real': 0, 'fake': 750}, 'FaceShifter': {'real': 0, 'fake': 750}, 'NeuralTextures': {'real': 0, 'fake': 750}}
[dann_adaptation: target_train] {'Deepfakes': {'real': 0, 'fake': 3000}}
[dann_adaptation: val, per_domain: 125] {'Original': {'real': 500, 'fake': 0}, 'FaceShifter': {'real': 0, 'fake': 125}, 'NeuralTextures': {'real': 0, 'fake': 125}, 'FaceSwap': {'real': 0, 'fake': 125}, 'Face2Face': {'real': 0, 'fake': 125}}
[dann_adaptation: test] {'Deepfakes': {'real': 0, 'fake': 750}, 'Original': {'real': 750, 'fake': 0}}
/Users/mateuszsmigowski/Documents/magisterka/Dyplom/DANN/.venv/lib/python3.14/site-packages/umap/umap_.py:1952: UserWarning: n_jobs value 1 overridden to 1 by setting random_state. Use no seed for parallelism.
  warn(
train (Epoch 1) -- average_loss: 0.7012 -- label_loss: 0.6339 -- accuracy: 0.6280 -- balanced_accuracy: 0.6280 -- auc: 0.6877 -- auc_roc: 0.6877 -- f1_score: 0.6216 -- precision: 0.6325 -- recall: 0.6110 -- time: 244.7239 -- domain_loss: 0.6742 -- domain_accuracy: 0.5685 
Feature visualization saved to /Users/mateuszsmigowski/Documents/magisterka/Dyplom/DANN/config/runs/testing_dann_adaptation_resnet50_held-out-Deepfakes_seed-2024_dann-main/seed-2024/_20260526-092033/feature_visualization/epoch_1_train.png
/Users/mateuszsmigowski/Documents/magisterka/Dyplom/DANN/.venv/lib/python3.14/site-packages/umap/umap_.py:1952: UserWarning: n_jobs value 1 overridden to 1 by setting random_state. Use no seed for parallelism.
  warn(
/Users/mateuszsmigowski/Documents/magisterka/Dyplom/DANN/.venv/lib/python3.14/site-packages/umap/umap_.py:1952: UserWarning: n_jobs value 1 overridden to 1 by setting random_state. Use no seed for parallelism.
  warn(
/Users/mateuszsmigowski/Documents/magisterka/Dyplom/DANN/.venv/lib/python3.14/site-packages/umap/umap_.py:1952: UserWarning: n_jobs value 1 overridden to 1 by setting random_state. Use no seed for parallelism.
  warn(
validation (Epoch 1) -- average_loss: 0.5354 -- label_loss: 0.5354 -- accuracy: 0.7260 -- balanced_accuracy: 0.7260 -- auc: 0.8141 -- auc_roc: 0.8141 -- f1_score: 0.7073 -- precision: 0.7592 -- recall: 0.6620 -- time: 13.7771 
train (Epoch 2) -- average_loss: 0.5076 -- label_loss: 0.4519 -- accuracy: 0.7812 -- balanced_accuracy: 0.7812 -- auc: 0.8697 -- auc_roc: 0.8697 -- f1_score: 0.7794 -- precision: 0.7858 -- recall: 0.7730 -- time: 217.8942 -- domain_loss: 0.5622 -- domain_accuracy: 0.7048 
validation (Epoch 2) -- average_loss: 0.4245 -- label_loss: 0.4245 -- accuracy: 0.8210 -- balanced_accuracy: 0.8210 -- auc: 0.8924 -- auc_roc: 0.8924 -- f1_score: 0.8081 -- precision: 0.8707 -- recall: 0.7540 -- time: 7.1525 
train (Epoch 3) -- average_loss: 0.3771 -- label_loss: 0.3320 -- accuracy: 0.8567 -- balanced_accuracy: 0.8567 -- auc: 0.9324 -- auc_roc: 0.9324 -- f1_score: 0.8565 -- precision: 0.8574 -- recall: 0.8557 -- time: 214.6561 -- domain_loss: 0.4547 -- domain_accuracy: 0.7900 
validation (Epoch 3) -- average_loss: 0.4689 -- label_loss: 0.4689 -- accuracy: 0.8080 -- balanced_accuracy: 0.8080 -- auc: 0.8903 -- auc_roc: 0.8903 -- f1_score: 0.8110 -- precision: 0.7984 -- recall: 0.8240 -- time: 7.2242 
train (Epoch 4) -- average_loss: 0.2942 -- label_loss: 0.2528 -- accuracy: 0.8962 -- balanced_accuracy: 0.8962 -- auc: 0.9611 -- auc_roc: 0.9611 -- f1_score: 0.8955 -- precision: 0.9014 -- recall: 0.8897 -- time: 214.8408 -- domain_loss: 0.4204 -- domain_accuracy: 0.8083 
validation (Epoch 4) -- average_loss: 0.4136 -- label_loss: 0.4136 -- accuracy: 0.8270 -- balanced_accuracy: 0.8270 -- auc: 0.9155 -- auc_roc: 0.9155 -- f1_score: 0.8215 -- precision: 0.8486 -- recall: 0.7960 -- time: 7.1892 
train (Epoch 5) -- average_loss: 0.2436 -- label_loss: 0.1984 -- accuracy: 0.9235 -- balanced_accuracy: 0.9235 -- auc: 0.9758 -- auc_roc: 0.9758 -- f1_score: 0.9230 -- precision: 0.9294 -- recall: 0.9167 -- time: 214.4790 -- domain_loss: 0.4580 -- domain_accuracy: 0.7838 
validation (Epoch 5) -- average_loss: 0.5037 -- label_loss: 0.5037 -- accuracy: 0.8020 -- balanced_accuracy: 0.8020 -- auc: 0.9153 -- auc_roc: 0.9153 -- f1_score: 0.8193 -- precision: 0.7534 -- recall: 0.8980 -- time: 7.2332 
train (Epoch 6) -- average_loss: 0.2112 -- label_loss: 0.1651 -- accuracy: 0.9347 -- balanced_accuracy: 0.9347 -- auc: 0.9832 -- auc_roc: 0.9832 -- f1_score: 0.9344 -- precision: 0.9376 -- recall: 0.9313 -- time: 215.3880 -- domain_loss: 0.4670 -- domain_accuracy: 0.7813 
Feature visualization saved to /Users/mateuszsmigowski/Documents/magisterka/Dyplom/DANN/config/runs/testing_dann_adaptation_resnet50_held-out-Deepfakes_seed-2024_dann-main/seed-2024/_20260526-092033/feature_visualization/epoch_6_train.png
validation (Epoch 6) -- average_loss: 0.5324 -- label_loss: 0.5324 -- accuracy: 0.8480 -- balanced_accuracy: 0.8480 -- auc: 0.9197 -- auc_roc: 0.9197 -- f1_score: 0.8504 -- precision: 0.8372 -- recall: 0.8640 -- time: 7.7094 
train (Epoch 7) -- average_loss: 0.1620 -- label_loss: 0.1192 -- accuracy: 0.9538 -- balanced_accuracy: 0.9538 -- auc: 0.9911 -- auc_roc: 0.9911 -- f1_score: 0.9538 -- precision: 0.9549 -- recall: 0.9527 -- time: 214.1696 -- domain_loss: 0.4324 -- domain_accuracy: 0.7965 
validation (Epoch 7) -- average_loss: 0.5055 -- label_loss: 0.5055 -- accuracy: 0.8430 -- balanced_accuracy: 0.8430 -- auc: 0.9284 -- auc_roc: 0.9284 -- f1_score: 0.8265 -- precision: 0.9235 -- recall: 0.7480 -- time: 7.1967 
train (Epoch 8) -- average_loss: 0.1616 -- label_loss: 0.1189 -- accuracy: 0.9545 -- balanced_accuracy: 0.9545 -- auc: 0.9910 -- auc_roc: 0.9910 -- f1_score: 0.9542 -- precision: 0.9614 -- recall: 0.9470 -- time: 214.8536 -- domain_loss: 0.4337 -- domain_accuracy: 0.8005 
validation (Epoch 8) -- average_loss: 0.4997 -- label_loss: 0.4997 -- accuracy: 0.8530 -- balanced_accuracy: 0.8530 -- auc: 0.9251 -- auc_roc: 0.9251 -- f1_score: 0.8537 -- precision: 0.8495 -- recall: 0.8580 -- time: 7.1873 
train (Epoch 9) -- average_loss: 0.1365 -- label_loss: 0.0944 -- accuracy: 0.9638 -- balanced_accuracy: 0.9638 -- auc: 0.9944 -- auc_roc: 0.9944 -- f1_score: 0.9637 -- precision: 0.9684 -- recall: 0.9590 -- time: 214.5314 -- domain_loss: 0.4270 -- domain_accuracy: 0.7972 
validation (Epoch 9) -- average_loss: 0.7295 -- label_loss: 0.7295 -- accuracy: 0.7990 -- balanced_accuracy: 0.7990 -- auc: 0.9222 -- auc_roc: 0.9222 -- f1_score: 0.8226 -- precision: 0.7362 -- recall: 0.9320 -- time: 7.2174 
train (Epoch 10) -- average_loss: 0.1291 -- label_loss: 0.0890 -- accuracy: 0.9665 -- balanced_accuracy: 0.9665 -- auc: 0.9948 -- auc_roc: 0.9948 -- f1_score: 0.9664 -- precision: 0.9682 -- recall: 0.9647 -- time: 214.5691 -- domain_loss: 0.4081 -- domain_accuracy: 0.8138 
validation (Epoch 10) -- average_loss: 0.5827 -- label_loss: 0.5827 -- accuracy: 0.8450 -- balanced_accuracy: 0.8450 -- auc: 0.9198 -- auc_roc: 0.9198 -- f1_score: 0.8397 -- precision: 0.8694 -- recall: 0.8120 -- time: 7.2109 
train (Epoch 11) -- average_loss: 0.1147 -- label_loss: 0.0756 -- accuracy: 0.9740 -- balanced_accuracy: 0.9740 -- auc: 0.9961 -- auc_roc: 0.9961 -- f1_score: 0.9740 -- precision: 0.9734 -- recall: 0.9747 -- time: 214.3718 -- domain_loss: 0.3971 -- domain_accuracy: 0.8198 
Feature visualization saved to /Users/mateuszsmigowski/Documents/magisterka/Dyplom/DANN/config/runs/testing_dann_adaptation_resnet50_held-out-Deepfakes_seed-2024_dann-main/seed-2024/_20260526-092033/feature_visualization/epoch_11_train.png
validation (Epoch 11) -- average_loss: 0.6470 -- label_loss: 0.6470 -- accuracy: 0.8540 -- balanced_accuracy: 0.8540 -- auc: 0.9282 -- auc_roc: 0.9282 -- f1_score: 0.8482 -- precision: 0.8831 -- recall: 0.8160 -- time: 7.2447 
train (Epoch 12) -- average_loss: 0.1016 -- label_loss: 0.0635 -- accuracy: 0.9778 -- balanced_accuracy: 0.9778 -- auc: 0.9973 -- auc_roc: 0.9973 -- f1_score: 0.9778 -- precision: 0.9774 -- recall: 0.9783 -- time: 214.7735 -- domain_loss: 0.3868 -- domain_accuracy: 0.8282 
validation (Epoch 12) -- average_loss: 0.7560 -- label_loss: 0.7560 -- accuracy: 0.8360 -- balanced_accuracy: 0.8360 -- auc: 0.9218 -- auc_roc: 0.9218 -- f1_score: 0.8316 -- precision: 0.8544 -- recall: 0.8100 -- time: 7.1971 
train (Epoch 13) -- average_loss: 0.1121 -- label_loss: 0.0723 -- accuracy: 0.9717 -- balanced_accuracy: 0.9717 -- auc: 0.9966 -- auc_roc: 0.9966 -- f1_score: 0.9716 -- precision: 0.9726 -- recall: 0.9707 -- time: 214.6884 -- domain_loss: 0.4054 -- domain_accuracy: 0.8133 
validation (Epoch 13) -- average_loss: 0.7286 -- label_loss: 0.7286 -- accuracy: 0.8160 -- balanced_accuracy: 0.8160 -- auc: 0.9125 -- auc_roc: 0.9125 -- f1_score: 0.8254 -- precision: 0.7852 -- recall: 0.8700 -- time: 7.1761 
train (Epoch 14) -- average_loss: 0.1185 -- label_loss: 0.0798 -- accuracy: 0.9722 -- balanced_accuracy: 0.9722 -- auc: 0.9958 -- auc_roc: 0.9958 -- f1_score: 0.9722 -- precision: 0.9720 -- recall: 0.9723 -- time: 214.3158 -- domain_loss: 0.3923 -- domain_accuracy: 0.8223 
validation (Epoch 14) -- average_loss: 0.5260 -- label_loss: 0.5260 -- accuracy: 0.8600 -- balanced_accuracy: 0.8600 -- auc: 0.9315 -- auc_roc: 0.9315 -- f1_score: 0.8592 -- precision: 0.8644 -- recall: 0.8540 -- time: 7.1752 
train (Epoch 15) -- average_loss: 0.0982 -- label_loss: 0.0595 -- accuracy: 0.9793 -- balanced_accuracy: 0.9793 -- auc: 0.9976 -- auc_roc: 0.9976 -- f1_score: 0.9793 -- precision: 0.9800 -- recall: 0.9787 -- time: 214.8919 -- domain_loss: 0.3912 -- domain_accuracy: 0.8210 
validation (Epoch 15) -- average_loss: 0.9281 -- label_loss: 0.9281 -- accuracy: 0.8000 -- balanced_accuracy: 0.8000 -- auc: 0.9246 -- auc_roc: 0.9246 -- f1_score: 0.8236 -- precision: 0.7366 -- recall: 0.9340 -- time: 7.1813 
train (Epoch 16) -- average_loss: 0.0899 -- label_loss: 0.0509 -- accuracy: 0.9825 -- balanced_accuracy: 0.9825 -- auc: 0.9982 -- auc_roc: 0.9982 -- f1_score: 0.9825 -- precision: 0.9817 -- recall: 0.9833 -- time: 214.8248 -- domain_loss: 0.3943 -- domain_accuracy: 0.8187 
Feature visualization saved to /Users/mateuszsmigowski/Documents/magisterka/Dyplom/DANN/config/runs/testing_dann_adaptation_resnet50_held-out-Deepfakes_seed-2024_dann-main/seed-2024/_20260526-092033/feature_visualization/epoch_16_train.png
validation (Epoch 16) -- average_loss: 1.0320 -- label_loss: 1.0320 -- accuracy: 0.8080 -- balanced_accuracy: 0.8080 -- auc: 0.9179 -- auc_roc: 0.9179 -- f1_score: 0.8270 -- precision: 0.7525 -- recall: 0.9180 -- time: 7.2987 
train (Epoch 17) -- average_loss: 0.1138 -- label_loss: 0.0739 -- accuracy: 0.9740 -- balanced_accuracy: 0.9740 -- auc: 0.9963 -- auc_roc: 0.9963 -- f1_score: 0.9740 -- precision: 0.9749 -- recall: 0.9730 -- time: 215.1925 -- domain_loss: 0.4066 -- domain_accuracy: 0.8160 
validation (Epoch 17) -- average_loss: 0.4242 -- label_loss: 0.4242 -- accuracy: 0.8700 -- balanced_accuracy: 0.8700 -- auc: 0.9436 -- auc_roc: 0.9436 -- f1_score: 0.8684 -- precision: 0.8791 -- recall: 0.8580 -- time: 7.1848 
train (Epoch 18) -- average_loss: 0.0765 -- label_loss: 0.0387 -- accuracy: 0.9883 -- balanced_accuracy: 0.9883 -- auc: 0.9988 -- auc_roc: 0.9988 -- f1_score: 0.9883 -- precision: 0.9890 -- recall: 0.9877 -- time: 214.3116 -- domain_loss: 0.3826 -- domain_accuracy: 0.8287 
validation (Epoch 18) -- average_loss: 0.8322 -- label_loss: 0.8322 -- accuracy: 0.8190 -- balanced_accuracy: 0.8190 -- auc: 0.9281 -- auc_roc: 0.9281 -- f1_score: 0.8365 -- precision: 0.7628 -- recall: 0.9260 -- time: 7.2018 
train (Epoch 19) -- average_loss: 0.0785 -- label_loss: 0.0404 -- accuracy: 0.9858 -- balanced_accuracy: 0.9858 -- auc: 0.9988 -- auc_roc: 0.9988 -- f1_score: 0.9858 -- precision: 0.9850 -- recall: 0.9867 -- time: 219.2332 -- domain_loss: 0.3877 -- domain_accuracy: 0.8242 
validation (Epoch 19) -- average_loss: 0.9161 -- label_loss: 0.9161 -- accuracy: 0.8520 -- balanced_accuracy: 0.8520 -- auc: 0.9336 -- auc_roc: 0.9336 -- f1_score: 0.8381 -- precision: 0.9251 -- recall: 0.7660 -- time: 7.2806 
train (Epoch 20) -- average_loss: 0.0820 -- label_loss: 0.0431 -- accuracy: 0.9833 -- balanced_accuracy: 0.9833 -- auc: 0.9988 -- auc_roc: 0.9988 -- f1_score: 0.9833 -- precision: 0.9824 -- recall: 0.9843 -- time: 214.3829 -- domain_loss: 0.3939 -- domain_accuracy: 0.8208 
validation (Epoch 20) -- average_loss: 0.6245 -- label_loss: 0.6245 -- accuracy: 0.8650 -- balanced_accuracy: 0.8650 -- auc: 0.9374 -- auc_roc: 0.9374 -- f1_score: 0.8615 -- precision: 0.8842 -- recall: 0.8400 -- time: 7.1137 
test -- average_loss: 0.9502 -- label_loss: 0.9502 -- accuracy: 0.7327 -- balanced_accuracy: 0.7327 -- auc: 0.8331 -- auc_roc: 0.8331 -- f1_score: 0.6983 -- precision: 0.8014 -- recall: 0.6187 -- time: 28.2845 
[baseline: train] {'FaceShifter': {'real': 0, 'fake': 750}, 'NeuralTextures': {'real': 0, 'fake': 750}, 'Original': {'real': 3000, 'fake': 0}, 'Face2Face': {'real': 0, 'fake': 750}, 'FaceSwap': {'real': 0, 'fake': 750}}
[baseline: val] {'Original': {'real': 500, 'fake': 0}, 'Face2Face': {'real': 0, 'fake': 125}, 'NeuralTextures': {'real': 0, 'fake': 125}, 'FaceSwap': {'real': 0, 'fake': 125}, 'FaceShifter': {'real': 0, 'fake': 125}}
[baseline: test] {'Original': {'real': 750, 'fake': 0}, 'Deepfakes': {'real': 0, 'fake': 750}}
Downloading: "https://download.pytorch.org/models/efficientnet_b0_rwightman-7f5810bc.pth" to /Users/mateuszsmigowski/.cache/torch/hub/checkpoints/efficientnet_b0_rwightman-7f5810bc.pth
  0%|          | 0.00/20.5M [00:00<?, ?B/s]  2%|▏         | 384k/20.5M [00:00<00:06, 3.28MB/s]  4%|▎         | 768k/20.5M [00:00<00:06, 3.28MB/s]  6%|▌         | 1.12M/20.5M [00:00<00:07, 2.58MB/s]  7%|▋         | 1.50M/20.5M [00:00<00:07, 2.51MB/s]  9%|▊         | 1.75M/20.5M [00:00<00:08, 2.38MB/s] 10%|▉         | 2.00M/20.5M [00:00<00:08, 2.18MB/s] 11%|█         | 2.25M/20.5M [00:01<00:09, 2.08MB/s] 12%|█▏        | 2.50M/20.5M [00:01<00:09, 2.02MB/s] 13%|█▎        | 2.75M/20.5M [00:01<00:09, 2.02MB/s] 15%|█▍        | 3.00M/20.5M [00:01<00:08, 2.12MB/s] 16%|█▌        | 3.25M/20.5M [00:01<00:08, 2.20MB/s] 17%|█▋        | 3.50M/20.5M [00:01<00:08, 2.05MB/s] 18%|█▊        | 3.75M/20.5M [00:01<00:08, 1.98MB/s] 20%|█▉        | 4.00M/20.5M [00:01<00:09, 1.89MB/s] 21%|██        | 4.25M/20.5M [00:02<00:08, 1.96MB/s] 22%|██▏       | 4.50M/20.5M [00:02<00:08, 2.02MB/s] 23%|██▎       | 4.75M/20.5M [00:02<00:08, 2.04MB/s] 24%|██▍       | 5.00M/20.5M [00:02<00:08, 1.96MB/s] 26%|██▌       | 5.25M/20.5M [00:02<00:08, 1.97MB/s] 27%|██▋       | 5.50M/20.5M [00:02<00:08, 1.93MB/s] 28%|██▊       | 5.75M/20.5M [00:02<00:08, 1.88MB/s] 29%|██▉       | 6.00M/20.5M [00:02<00:07, 1.98MB/s] 31%|███       | 6.25M/20.5M [00:03<00:07, 2.10MB/s] 32%|███▏      | 6.50M/20.5M [00:03<00:06, 2.21MB/s] 33%|███▎      | 6.75M/20.5M [00:03<00:06, 2.06MB/s] 34%|███▍      | 7.00M/20.5M [00:03<00:07, 1.96MB/s] 35%|███▌      | 7.25M/20.5M [00:03<00:07, 1.88MB/s] 37%|███▋      | 7.50M/20.5M [00:03<00:06, 2.00MB/s] 38%|███▊      | 7.75M/20.5M [00:03<00:06, 2.10MB/s] 39%|███▉      | 8.00M/20.5M [00:04<00:06, 2.02MB/s] 40%|████      | 8.25M/20.5M [00:04<00:06, 1.98MB/s] 42%|████▏     | 8.50M/20.5M [00:04<00:06, 1.86MB/s] 43%|████▎     | 8.75M/20.5M [00:04<00:06, 1.84MB/s] 44%|████▍     | 9.00M/20.5M [00:04<00:06, 1.89MB/s] 45%|████▌     | 9.25M/20.5M [00:04<00:05, 2.02MB/s] 46%|████▋     | 9.50M/20.5M [00:04<00:05, 2.10MB/s] 48%|████▊     | 9.75M/20.5M [00:04<00:05, 2.02MB/s] 49%|████▉     | 10.0M/20.5M [00:05<00:05, 1.93MB/s] 50%|█████     | 10.2M/20.5M [00:05<00:05, 1.89MB/s] 51%|█████▏    | 10.5M/20.5M [00:05<00:05, 1.95MB/s] 53%|█████▎    | 10.8M/20.5M [00:05<00:05, 2.03MB/s] 54%|█████▍    | 11.0M/20.5M [00:05<00:04, 2.16MB/s] 55%|█████▌    | 11.2M/20.5M [00:05<00:04, 2.07MB/s] 56%|█████▌    | 11.5M/20.5M [00:05<00:04, 2.06MB/s] 57%|█████▋    | 11.8M/20.5M [00:05<00:04, 2.03MB/s] 59%|█████▊    | 12.0M/20.5M [00:06<00:04, 1.97MB/s] 60%|█████▉    | 12.2M/20.5M [00:06<00:04, 1.94MB/s] 61%|██████    | 12.5M/20.5M [00:06<00:04, 2.05MB/s] 62%|██████▏   | 12.8M/20.5M [00:06<00:03, 2.11MB/s] 64%|██████▎   | 13.0M/20.5M [00:06<00:03, 2.01MB/s] 65%|██████▍   | 13.2M/20.5M [00:06<00:03, 1.97MB/s] 66%|██████▌   | 13.5M/20.5M [00:06<00:03, 1.94MB/s] 67%|██████▋   | 13.8M/20.5M [00:07<00:03, 1.88MB/s] 68%|██████▊   | 14.0M/20.5M [00:07<00:03, 1.95MB/s] 70%|██████▉   | 14.2M/20.5M [00:07<00:03, 2.06MB/s] 71%|███████   | 14.5M/20.5M [00:07<00:02, 2.20MB/s] 72%|███████▏  | 14.8M/20.5M [00:07<00:02, 2.07MB/s] 73%|███████▎  | 15.0M/20.5M [00:07<00:02, 2.00MB/s] 75%|███████▍  | 15.2M/20.5M [00:07<00:02, 1.98MB/s] 76%|███████▌  | 15.5M/20.5M [00:07<00:02, 1.92MB/s] 77%|███████▋  | 15.8M/20.5M [00:08<00:02, 2.03MB/s] 78%|███████▊  | 16.0M/20.5M [00:08<00:02, 2.14MB/s] 79%|███████▉  | 16.2M/20.5M [00:08<00:02, 2.19MB/s] 81%|████████  | 16.5M/20.5M [00:08<00:01, 2.11MB/s] 82%|████████▏ | 16.8M/20.5M [00:08<00:01, 2.02MB/s] 83%|████████▎ | 17.0M/20.5M [00:08<00:01, 1.97MB/s] 84%|████████▍ | 17.2M/20.5M [00:08<00:01, 1.90MB/s] 86%|████████▌ | 17.5M/20.5M [00:09<00:01, 1.94MB/s] 87%|████████▋ | 17.8M/20.5M [00:09<00:01, 2.04MB/s] 88%|████████▊ | 18.0M/20.5M [00:09<00:01, 2.08MB/s] 89%|████████▉ | 18.2M/20.5M [00:09<00:01, 1.97MB/s] 90%|█████████ | 18.5M/20.5M [00:09<00:01, 1.91MB/s] 92%|█████████▏| 18.8M/20.5M [00:09<00:00, 1.94MB/s] 93%|█████████▎| 19.0M/20.5M [00:09<00:00, 1.93MB/s] 94%|█████████▍| 19.2M/20.5M [00:09<00:00, 2.01MB/s] 95%|█████████▌| 19.5M/20.5M [00:10<00:00, 2.12MB/s] 97%|█████████▋| 19.8M/20.5M [00:10<00:00, 2.18MB/s] 98%|█████████▊| 20.0M/20.5M [00:10<00:00, 2.07MB/s] 99%|█████████▉| 20.2M/20.5M [00:10<00:00, 2.00MB/s]100%|██████████| 20.5M/20.5M [00:10<00:00, 1.92MB/s]100%|██████████| 20.5M/20.5M [00:10<00:00, 2.03MB/s]
train (Epoch 1) -- average_loss: 0.5880 -- label_loss: 0.5880 -- accuracy: 0.6727 -- balanced_accuracy: 0.6727 -- auc: 0.7497 -- auc_roc: 0.7497 -- f1_score: 0.6589 -- precision: 0.6878 -- recall: 0.6323 -- time: 110.0480 
